dataid,total_consumption,mci_00,mci_01,mci_02,mci_03,mci_04,mci_05,mci_06,mci_07,mci_08,mci_09,mci_10,mci_11,mci_12,mci_13,mci_14,mci_15,mci_16,mci_17,mci_18,mci_19,mci_20,mci_21,mci_22,mci_23
8188,905.202,23.53532696,23.0524094,22.78078188,22.55455315,22.87124561,22.77097271,22.90638581,23.25657596,23.68997732,23.96524041,24.08090924,24.20623746,24.13865094,24.0759723,23.97835164,24.07492112,24.03997476,24.68152974,24.94045269,24.7872895,24.74397603,24.48803025,24.02301366,23.71471742
1629,1904.411,23.48636332,23.04857488,22.75107782,22.56274084,22.83149131,22.80480485,22.9095567,23.22697949,23.78263493,23.9925915,24.06904465,24.24375656,24.18669541,24.08927956,24.00546403,23.95627142,24.05167671,24.62912147,24.9264745,24.79074753,24.8598772,24.50855246,23.99743732,23.70012833
9555,1379.129,23.50636706,23.04732364,22.73915129,22.55015222,22.82903559,22.86098211,22.91550365,23.20593316,23.65144573,23.9633489,24.0707085,24.20590707,24.11785139,24.03533503,24.00230997,23.98160122,24.05619093,24.64563501,24.9133797,24.7898999,24.83915551,24.44225023,24.03200455,23.71190555
9052,1631.446,23.51330618,23.03612367,22.72329192,22.58634295,22.80987318,22.86406995,22.88817342,23.15802103,23.64694072,23.98648401,24.09857927,24.11890114,24.08138357,24.07346584,24.04843418,24.07842564,24.04651804,24.67440191,24.93172103,24.77104138,24.82995786,24.47808793,24.01680485,23.70373497
7001,1273.363,23.51321106,23.08174261,22.74919229,22.55653455,22.8295696,22.86429905,22.94287518,23.24348538,23.63631102,23.96920152,24.07739342,24.20669164,24.12155431,24.03778387,24.01117657,23.98693775,24.05097952,24.66423139,24.90541861,24.79601197,24.87605319,24.45117676,24.03821082,23.62214213
7769,693.347,23.4900492,22.95244504,22.74869851,22.55449071,22.8204148,22.88596973,22.97204049,23.27241155,23.65943302,23.94983289,24.08152804,24.29553082,24.2390691,24.07703998,23.99802343,23.98607922,24.02400387,24.64829342,24.84040882,24.79700272,24.84023908,24.39921285,24.03710703,23.70500044
604,4782.771,23.49372213,23.03655432,22.73438591,22.55690881,22.82926888,22.83423508,22.96030746,23.22351321,23.64737782,23.96561449,24.07071057,24.21159246,24.12034613,24.0319198,24.00721235,23.97637944,24.04132259,24.68663954,24.94168349,24.78729947,24.83805461,24.43870446,24.04537083,23.71427599
93,1108.845,23.49234183,23.07302316,22.74087638,22.55772631,22.83289271,22.86282619,22.92225927,23.26946866,23.59247315,23.96815589,24.0693822,24.24658963,24.11002568,24.03198087,24.00350165,23.98116053,24.01612637,24.6512769,24.93047922,24.78312164,24.84507129,24.42654821,24.03870604,23.70376117
4447,1920.8,23.4677727,23.01218946,22.74062855,22.56053111,22.82410634,22.86005786,22.90447341,23.21220438,23.65855763,23.98068055,24.06568012,24.18808197,24.17137008,23.9944566,24.05749857,24.02291733,24.04927892,24.78263969,24.9145675,24.75142313,24.91196175,24.42536205,24.05066119,23.72221262
4703,1973.339,23.48472518,23.04134377,22.73773184,22.55167341,22.82939095,22.85523495,22.96674448,23.20776332,23.69352791,24.02285235,24.06676768,24.22347699,24.1278922,24.03686531,23.99368927,24.00192021,24.05375806,24.67205591,24.91250344,24.79267568,24.82779496,24.44401529,24.03999921,23.68738243
8282,1927.668,23.50155084,23.10187454,22.75459777,22.53298264,22.83184427,22.86507245,22.95739723,23.14423972,23.65492731,23.96864498,24.074527,24.23246108,24.11858558,24.05005277,24.01021817,24.02274879,24.07033246,24.70746342,24.92134116,24.7932188,24.74720427,24.4584848,24.00888144,23.71101678
8061,690.514,23.49794588,23.0896739,22.72768142,22.56819099,22.82031495,22.85308389,22.93144617,23.20480799,23.65785973,23.92442552,24.07753022,24.21014819,24.1195492,24.02896236,23.99978944,23.97920737,24.06156238,24.67554807,24.91528504,24.79126092,24.85665792,24.44221379,24.03159217,23.69777357
4956,1378.942,23.50059745,23.04774954,22.7446517,22.55970586,22.82551395,22.85363143,22.93993082,23.20865514,23.64571184,23.98269122,24.05762784,24.26230382,24.19899044,24.01837294,23.98550042,23.98544724,24.045032,24.66838025,24.92167933,24.77976212,24.89864272,24.44441345,24.02495524,23.72692347
9818,1147.556,23.43371068,23.16843418,22.74605095,22.56112531,22.82602854,22.85877525,22.91905682,23.19559001,23.64500684,24.03414478,24.07733039,24.18013748,24.10639883,24.04940621,24.00517094,23.99317512,24.05104501,24.67775793,24.89269052,24.77786176,24.85571821,24.37255433,24.06497165,23.70094301
3935,830.594,23.49075217,23.05969992,22.73708479,22.5552789,22.82460875,22.84497228,22.92401292,23.28336714,23.6852794,23.95552359,24.06015295,24.2021399,24.09844472,24.02629612,24.02049929,23.9812739,24.02247447,24.61870988,24.92262922,24.81883363,24.85735464,24.4495388,24.06820516,23.70482721
4957,4216.505,23.49639094,23.03701033,22.73249016,22.55823394,22.82847414,22.85731853,22.93030893,23.20323113,23.65222699,23.95543254,24.08316512,24.20362908,24.1172488,24.04525151,24.00062331,23.98004132,24.04768373,24.65640513,24.92048711,24.78615747,24.86143439,24.50780191,24.03442302,23.72302412
8292,859.632,23.52402655,23.04534427,22.74155613,22.55230651,22.83769412,22.86889472,22.92977679,23.21235748,23.59262244,23.95603731,24.07739907,24.24931066,24.08023133,24.03813355,24.01216372,23.99964328,24.05416977,24.68564068,24.92076421,24.78234789,24.88632703,24.4561445,24.0383359,23.71581605
2401,1790.973,23.46437757,23.02786889,22.72156327,22.54563161,22.85036633,22.95377632,23.05289538,23.20850957,23.64215828,23.99182756,24.04215104,24.19734354,24.2391822,24.01867817,24.1536298,24.01828145,24.06110344,24.7182723,24.93905543,24.79401864,24.8808262,24.39555108,24.03087924,23.75108498
1632,1789.197,23.63346156,23.30906987,22.76333623,22.47766744,22.88673519,22.8096689,22.86739409,23.33032387,23.86073087,23.9492942,24.11915578,24.25528925,24.16884253,24.06386687,24.01284564,24.07994482,24.0318119,24.71760885,24.96867636,24.79599482,25.00593443,24.44813597,24.00499432,23.67185886
6498,2162.876,23.50082628,23.03403252,22.75756268,22.54961866,22.82506487,22.85978594,22.92350184,23.19098941,23.67765642,23.95690844,24.07056291,24.19742495,24.10986918,24.04073419,24.01719171,23.97219998,24.03755707,24.66098374,24.92857812,24.78341039,24.84333119,24.450235,24.03620156,23.70224543
86,1898.818,23.47313581,23.0228941,22.74903569,22.56141843,22.8414197,22.86099078,22.91267624,23.26407211,23.63948137,23.97288624,24.0758533,24.21081404,24.11476318,24.02976808,24.01392476,23.97304047,24.0526262,24.68339799,24.95597155,24.78873501,24.85365091,24.43578849,24.03856912,23.70011582
8273,2967.24,23.48787833,23.04569353,22.7502806,22.55835065,22.82977687,22.84922312,22.93828626,23.21128403,23.64995686,23.96532565,24.06340971,24.1971864,24.10575246,24.04150745,24.00645775,23.97941786,24.05464119,24.65381993,24.92075114,24.7926309,24.85760647,24.43537512,24.04415075,23.70728726
7767,578.334,23.4866189,23.0513806,22.72531432,22.5503048,22.81578688,22.87042911,22.91491651,23.20097238,23.65747851,23.95154675,24.06331426,24.21324971,24.11019141,24.03757581,24.00243717,23.98350684,24.02572885,24.68441492,24.89189765,24.7933806,24.88032688,24.46237401,24.03343158,23.71549075
3413,2156.272,23.4852735,23.03876106,22.74243164,22.55237983,22.82836452,22.85282062,22.91132535,23.20911263,23.64906443,23.94882239,24.06553293,24.21481878,24.12106502,24.0518794,24.00462835,23.97009246,24.06215284,24.66165823,24.88099903,24.78805947,24.90674214,24.46018204,24.04669313,23.6859854
3394,3231.543,23.52307055,23.05142715,22.74810213,22.56768368,22.83559792,22.83884438,22.92918417,23.21957338,23.67742218,23.95173534,24.06021039,24.20516259,24.11828034,24.06995046,23.99475406,23.96925402,24.05739628,24.63070164,24.91998523,24.76948318,24.86279329,24.4263541,24.03414207,23.72597904
3401,7172.031,23.53206691,23.03767624,22.74028068,22.55705806,22.8312925,22.85629777,22.98263602,23.2096493,23.71669968,23.96822334,24.04464118,24.2756503,24.14474192,24.0301129,23.98924821,23.98831265,24.04249487,24.64133282,24.91364301,24.78660005,24.85311429,24.43849115,24.04291992,23.69452088
585,1142.115,23.52221206,23.02712234,22.73763274,22.55338621,22.82817673,22.8586929,22.93422744,23.22822116,23.65600975,23.96256758,24.06532782,24.22133613,24.12255867,24.03589937,24.00307998,23.97891383,24.05728657,24.65585115,24.9125732,24.78718877,24.86075352,24.43885699,24.0398755,23.68872042
6730,1327.432,23.53829106,23.05593925,22.73551068,22.55250861,22.82023327,22.85879913,22.89588683,23.19589748,23.6556177,23.96127391,24.06605465,24.21359939,24.12278137,24.02601354,24.02026253,23.97097033,24.05033373,24.6947715,24.91738715,24.82030797,24.91868484,24.41204197,24.08548214,23.70651182
2378,1246.324,23.49383168,23.02974054,22.72655773,22.55887123,22.82387666,22.87812648,22.98669899,23.22419599,23.6553055,23.94179701,24.06068755,24.19704278,24.09563893,24.04187336,24.02013791,23.98785594,24.04727005,24.72334744,24.90131274,24.77621926,24.84498828,24.42725409,24.03528447,23.69949996
77,3127.767,23.49799198,23.06605153,22.74441016,22.55108373,22.82524191,22.8472503,22.96164575,23.21024148,23.66088847,23.95825236,24.08607151,24.17194089,24.11066346,23.99872659,24.00582464,23.98475978,24.1006012,24.65062771,24.95526757,24.78674722,24.85051934,24.42373571,24.01688107,23.6877926
6990,1193.455,23.56283713,23.01757558,22.72287872,22.57097256,22.81991726,22.88148835,22.88996572,23.23613276,23.69076442,23.93347099,24.09792814,24.28450016,24.21564647,24.08964073,24.0397332,24.02026369,24.03571962,24.66338201,24.89134978,24.74969208,24.8588969,24.44276303,24.03146426,23.74142315
3916,2522.942,23.53377401,22.97360724,22.73731679,22.57882619,22.81254655,22.82814261,22.89153376,23.22319695,23.65234723,24.01876805,24.05870382,24.20826072,24.13070805,24.0729577,24.00288212,23.97074075,24.01948389,24.65997885,24.95018825,24.8016573,24.85421689,24.45931141,24.03602161,23.74264378
2638,1133.362,23.50421932,23.01855964,22.74096695,22.5544946,22.82643841,22.86543676,22.96481281,23.2038662,23.6431759,23.93358702,24.07380831,24.21007496,24.08938201,24.03737272,24.01504828,23.95878676,24.04155651,24.63749128,24.92863139,24.76923807,24.84278793,24.46772943,24.03332472,23.78626682
1103,814.766,23.50557533,22.9577273,22.73565914,22.54406088,22.83319926,22.82856022,22.92294188,23.20335836,23.66102914,23.97216626,24.04950721,24.21142895,24.10815115,24.06456434,24.00592134,24.01774609,24.10923251,24.6026555,24.87952896,24.79173503,24.81205988,24.43883912,24.04539747,23.68001536
3918,2710.093,23.50642225,23.05469846,22.73633038,22.55104006,22.83533654,22.85018399,22.90805805,23.2100305,23.69781076,23.95991711,24.08679181,24.20221503,24.13237385,24.02416208,23.99936196,23.98152852,24.08020473,24.65384653,24.93757003,24.79677253,24.85978497,24.43335438,24.03939939,23.70341021
2129,1712.187,23.5075476,23.0391915,22.74610999,22.56389974,22.82310986,22.86374223,22.92793627,23.21158956,23.65567615,24.01842886,24.06905408,24.19914386,24.09770468,24.0264274,24.01345132,23.93529849,24.04993125,24.65827258,24.91876738,24.77870481,24.85323624,24.44278115,24.03034094,23.70984621
2641,2812.268,23.48235927,23.04272524,22.74867187,22.56142784,22.83084882,22.85774336,22.92987673,23.19165258,23.71793475,23.96806567,24.07311283,24.25463015,24.12896724,24.03344293,24.00635962,23.97256482,24.05168368,24.61873138,24.89456972,24.81015083,24.89753487,24.4361026,24.04008481,23.69669014
4946,1390.909,23.64370683,23.02471561,22.74541871,22.56639186,22.81340096,22.82274653,22.85331894,23.16565016,23.6360944,23.95971138,24.05543147,24.2639275,24.13573478,24.02562919,23.9865575,23.97081144,24.04023061,24.62688349,24.92236206,24.78860579,24.84398897,24.504432,24.03301771,23.66644284
1617,1861.889,23.47347308,23.10967185,22.73907722,22.5433789,22.8257715,22.86401961,22.96136166,23.18781349,23.66411203,23.99722156,24.05569566,24.21592972,24.10481554,24.04969553,24.0008777,23.98006256,24.04337136,24.65897592,24.94276306,24.78373328,24.86810413,24.43604814,24.03335693,23.70264461
4944,461.636,23.50026143,23.04212398,22.77840665,22.54611874,22.82332396,22.84117522,22.94668046,23.2427681,23.68681246,23.97693147,24.09335958,24.22704905,24.11915954,23.9855226,23.90322417,23.97900533,24.01614099,24.682717,24.89532227,24.79627691,24.89864412,24.44042327,24.02872282,23.63136324
7504,1681.703,23.50125873,23.04677776,22.74236298,22.54983265,22.82552782,22.85062406,22.93585621,23.21480912,23.65319932,23.95657003,24.07387375,24.21094752,24.1270617,24.04006509,24.00292798,23.96310859,24.03234517,24.66256923,24.92148694,24.77803739,24.85923433,24.45170848,24.03938473,23.76113349
4193,1761.132,23.48711229,23.05384235,22.74168369,22.55721796,22.8246294,22.8623985,22.97100532,23.20272462,23.61167395,23.98213966,24.03377181,24.18684709,24.12585703,24.00122108,23.99615026,23.96649363,24.06006847,24.65062158,24.91698221,24.79291373,24.84524387,24.47485174,24.03685568,23.6725732
8807,1090.585,23.37649999,23.13965457,22.79857411,22.50141614,22.85991159,22.78131414,22.7776834,23.05981694,23.80058204,23.9471284,24.12467457,24.32693276,24.1970455,24.08507429,23.9994886,23.99177107,24.01845409,24.76652877,24.97574834,24.72292863,24.85313814,24.42384997,24.04939387,23.70416606
3938,477.621,23.4697555,22.96825266,22.71163324,22.54917508,22.82885927,22.81983455,22.94533888,23.1931004,23.67454408,23.94513673,24.06861379,24.23577283,24.1284027,24.04899997,24.00147453,23.95270687,24.05519436,24.60894593,24.89766148,24.78434357,24.8439552,24.42296154,24.0459476,23.6245972
115,1193.7,23.46682876,23.08064455,22.74103266,22.59088097,22.82678084,22.85687274,22.92966009,23.1861519,23.47559843,24.07371932,24.03357429,24.22923117,24.13455988,24.0312587,24.02734212,24.00148634,24.14480911,24.69194845,24.98989632,24.788005,24.89526276,24.41951155,24.0650398,23.77765805
7536,1105.109,23.5139737,23.06875889,22.73429168,22.58899527,22.84912012,22.88120829,22.90739613,23.21365107,23.76937379,23.90559977,24.07639639,24.19045977,24.12702498,24.09635102,24.01391451,23.98430057,24.10095024,24.70273761,24.92108016,24.78669289,24.86477073,24.44462812,24.07135916,23.68909761
7030,286.664,23.51307631,23.04555972,22.73928378,22.5663152,22.83397717,22.84541816,22.89315274,23.20823659,23.70386157,23.9438582,24.07676602,24.22473181,24.14332571,24.02232948,24.00576204,23.9967559,24.06235761,24.66564834,24.92790649,24.8040653,24.85648744,24.46128629,24.02304462,23.73614245
4213,1230.766,23.47015926,23.03559262,22.75213424,22.55299626,22.80970603,22.85824289,22.92378035,23.1525403,23.62988352,23.98020883,24.06560396,24.21712598,24.1150203,24.04509719,24.01410519,23.98409873,24.05246136,24.64614443,24.90846447,24.80079536,24.8419045,24.44110914,24.03604858,23.71715063
8059,589.124,23.50690549,23.09580671,22.75461935,22.54662972,22.8277288,22.85389196,22.97513381,23.17855846,23.62837668,23.99720099,24.11037662,24.26312676,24.15073853,24.09647765,23.99342875,24.01146488,24.03665874,24.66873899,24.91272257,24.77920344,24.85780008,24.48224348,24.03416778,23.7221511
6266,2389.433,23.47712389,23.02282524,22.73366992,22.57278652,22.82383624,22.84784012,22.89404915,23.23039798,23.67253183,24.00558723,24.10120971,24.19131006,24.09913517,24.03444591,24.0007139,23.98098082,24.04790978,24.66704608,24.91647315,24.78556904,24.82709539,24.44303511,24.03814806,23.76008021
8317,792.29,23.50188197,23.10466474,22.76242461,22.57306856,22.84345321,22.85737986,22.89943556,23.22361791,23.6996047,23.96603611,24.05834538,24.20145044,24.11685422,24.03733523,24.01611137,23.97535238,24.05098152,24.66145393,24.92337305,24.78901283,24.84971591,24.43631621,24.0428342,23.71244319
8829,1355.738,23.46719491,23.04128955,22.74291667,22.56142228,22.82841793,22.85772993,22.96260637,23.2305125,23.68233732,23.93049719,24.08047091,24.21065321,24.15592792,24.04524365,24.00043321,23.99864346,24.05463307,24.62126126,24.91885957,24.78636839,24.84933726,24.42370956,24.05544127,23.67675415
9085,2436.933,23.49087502,23.11034332,22.71435398,22.54111463,22.85436484,22.87004367,22.98140037,23.23382437,23.70161104,24.05783926,24.08480265,24.1214782,24.09189328,24.04464084,24.03186725,23.97235236,24.04857125,24.60008354,24.91916821,24.80044542,24.88397052,24.46096621,24.03757903,23.6671593
3192,1803.141,23.48880702,23.02266152,22.72545464,22.5988394,22.8575745,22.85066727,22.97837448,23.20322798,23.59989048,23.98918325,24.07688339,24.20414635,24.12796711,24.08963408,24.10207389,23.90739083,24.00663553,24.77384377,24.96516211,24.79990971,24.94103492,24.46503792,24.03056362,23.70581824
2171,2225.637,23.39476899,23.18104985,22.74677056,22.57365307,22.8242414,22.8257932,22.86712551,23.2140658,23.6880476,23.93071334,24.08701404,24.19204306,24.18672781,24.10142545,24.0065835,24.0409599,24.04622416,24.65685921,24.92135326,24.82464846,24.85400201,24.48085346,24.02725642,23.72685893
890,1287.688,23.4927322,22.966247,22.70600907,22.5607395,22.84411961,22.86478429,22.93092942,23.22261247,23.60621102,23.97267103,24.06759704,24.15909702,24.10826216,24.01704612,23.98741931,23.98348855,24.04702808,24.75036228,24.92744049,24.79649533,24.84765551,24.42858206,24.05363096,23.69479331
6264,821.982,23.45625119,22.99228086,22.73061359,22.5301174,22.83957927,22.89538219,22.84387788,23.23231858,23.66907865,24.01471985,24.10232837,24.21275749,24.11511794,24.03531991,23.96842057,24.01202697,24.11793323,24.59960427,24.90050548,24.79453912,24.7696223,24.41505294,24.05386584,23.61084621
4473,564.611,23.46373861,23.01780054,22.74801651,22.54239267,22.83851134,22.847023,22.99515709,23.26966149,23.62758763,23.95398674,24.08954399,24.19138855,24.10214973,24.0376248,23.95793974,23.9570314,24.01665443,24.71781375,24.92659601,24.77412207,24.8023565,24.40155889,24.05706289,23.80118545
379,3539.137,23.49278688,23.10402938,22.72719339,22.55140427,22.82946995,22.85017433,22.93394336,23.21422098,23.63544316,23.95924478,24.09058645,24.20643342,24.14461734,24.07541832,24.0129941,23.96236181,24.01602278,24.67026219,24.90600835,24.81371687,24.84834068,24.38727861,24.03872292,23.7914564
9343,868.826,23.50044921,23.02233836,22.74784578,22.56659475,22.83179551,22.84505705,22.9068794,23.21494664,23.67461341,23.9581068,24.07150612,24.20957522,24.12616882,24.0634146,23.99675926,23.9725339,24.06783603,24.65157833,24.93525921,24.78695074,24.8537185,24.45498566,24.02554454,23.68134559
1403,484.447,23.4735114,23.09741116,22.73580965,22.57541001,22.81305091,22.8454378,22.90965981,23.22161307,23.72572936,24.02971359,24.06535724,24.20038803,24.05663965,24.04085098,23.98920293,23.97899562,24.03789565,24.65793714,24.91280717,24.7911405,24.84286273,24.41331707,24.06550881,23.64289594
7800,227.365,23.48735008,23.10161873,22.73199876,22.56351524,22.8179323,22.86160773,22.93277981,23.1810356,23.63954291,23.97690516,24.05893624,24.18471414,24.09984421,24.03069891,24.01311703,23.95978807,24.05650053,24.62834694,24.94351835,24.78973846,24.86963824,24.41977427,24.01376684,23.75656024
7024,867.288,23.48386828,22.97500669,22.73978924,22.55780807,22.833162,22.82534861,22.86954203,23.1978474,23.70102576,23.97156546,24.08560272,24.21117954,24.1301864,24.03820833,24.01639235,23.98730805,24.04622298,24.67046079,24.92487549,24.79597334,24.87486733,24.39916864,24.03271991,23.74847019
7793,1041.626,23.47977429,23.05270081,22.73947918,22.55868244,22.82988959,22.86777601,22.91279819,23.21511041,23.65409307,24.02055476,24.06798125,24.18350419,24.13552078,24.01630774,24.00032753,23.99199261,24.04230023,24.67807665,24.9063452,24.78163762,24.85074206,24.45211639,24.06425893,23.81193375
101,496.776,23.49654775,23.02795931,22.74255512,22.54873584,22.84336487,22.86127088,22.94010926,23.2052977,23.61602511,23.99066246,24.0758188,24.2181607,24.12889637,24.01496981,23.99509917,24.01644196,24.01616901,24.68539044,24.93165025,24.81201322,24.82532753,24.453933,24.02723788,23.69082867
2931,1230.691,23.46753288,23.04598917,22.74378983,22.5460054,22.83315224,22.87457712,22.8938822,23.18854653,23.66275023,23.94646284,24.06654004,24.2065807,24.11657404,24.04521498,23.99600687,24.00312734,24.07002859,24.62571215,24.9308697,24.79628355,24.84477424,24.46345712,24.03422404,23.71003913
871,897.08,23.48802819,23.10281859,22.77360387,22.5416488,22.82946881,22.83820647,22.91068984,23.13207759,23.62645951,23.98978727,24.07220542,24.14188066,24.11219358,24.03115009,24.10338926,23.98469584,24.06098243,24.63505978,24.98912437,24.76003399,24.8437891,24.45528635,24.04849214,23.64072799
7787,2303.403,23.6113908,23.09483062,22.73990962,22.55090604,22.82485865,22.82533867,22.97184023,23.18145671,23.57560137,23.98887609,24.08483081,24.24169098,24.09831275,23.988082,24.01346932,23.9735293,24.05634018,24.52482197,24.93971582,24.78683946,24.83275455,24.51128937,24.06298564,23.67134412
1642,1490.334,23.51097574,23.04310448,22.73612421,22.55025167,22.82213473,22.83072362,22.9009952,23.2106909,23.64191356,23.96692348,24.06375699,24.21036567,24.14407851,24.03586222,23.99321453,23.95752503,24.03782808,24.64643798,24.9314928,24.83904799,24.85490053,24.44401476,24.03515177,23.86283557
6248,2780.129,23.55699282,23.07321217,22.75380088,22.55467367,22.8304556,22.83925311,22.92612035,23.21386586,23.77475945,23.95908559,24.07219828,24.1886589,24.12417591,24.00902403,24.00774512,24.01851403,24.06630784,24.62953229,24.92023677,24.79939924,24.87132256,24.43533621,24.04088975,23.77623804
7016,3221.398,23.47371382,23.04138578,22.7329829,22.5538369,22.8254239,22.85463033,22.93403104,23.20654101,23.66349541,24.043821,24.06717018,24.19963653,24.14022007,24.0300009,23.9977471,23.9778835,24.05214093,24.6529369,24.92096895,24.78360489,24.87213347,24.46015529,24.03819879,23.68784039
2925,1824.136,23.50909092,22.96740624,22.74131284,22.57973658,22.85091715,22.81690241,22.94343371,23.21955763,23.68589804,23.96168905,24.07836557,24.20898663,24.131488,24.04437671,24.0177364,23.96597411,24.04912824,24.67489241,24.89512689,24.73932511,24.847617,24.38533116,24.05255418,23.802526
2156,1254.894,23.5002343,22.96134379,22.74993781,22.56640101,22.88895436,22.85663161,23.06116843,23.22683167,23.5948882,24.01995398,24.08289326,24.24298902,24.20825908,23.97746722,24.01068019,23.98092267,23.9973376,24.81266722,24.90761283,24.84134891,24.88644391,24.44417019,24.01065061,23.73956721
8046,2547.134,23.49875569,23.00133612,22.73954154,22.55738667,22.82912277,22.87050955,22.89385802,23.2123257,23.67745791,23.99251429,24.14878931,24.1674633,24.14859498,24.02153967,24.00776156,23.99268318,24.06313602,24.6451001,24.92563729,24.78315964,24.86280439,24.44209478,24.04438584,23.64053671
2158,1644.316,23.52151116,23.03069224,22.74915729,22.56137845,22.82596361,22.86048298,22.92182583,23.20340539,23.64404847,23.95862443,24.07168225,24.200056,24.11869183,24.02739049,23.99768508,23.95919693,24.04251223,24.7220984,24.94719488,24.79592915,24.85558379,24.45859971,24.03560303,23.70323847
8555,863.283,23.50046296,23.060759,22.7181648,22.54048556,22.84088218,22.8533216,22.91962159,23.19829328,23.6173576,23.97551425,24.10384195,24.12031915,24.22187058,24.02513587,24.01902268,24.00779591,24.03118022,24.68426685,24.93529522,24.80053632,24.8541133,24.43669916,24.03397441,23.69750075
7788,3241.904,23.53014755,23.0670298,22.73943958,22.55824685,22.82931872,22.85975905,22.98988703,23.18664496,23.68298107,23.98259832,24.06193016,24.17029154,24.089526,23.95945644,24.01787544,24.0242103,24.0367074,24.64952592,24.92466367,24.78238727,24.8483976,24.44818479,24.04296709,23.71067302
624,1386.996,23.50213062,23.01587587,22.74235847,22.56639436,22.83420426,22.84987185,23.04081343,23.19374816,23.63199823,23.94951624,24.04387676,24.263843,24.15297294,24.07413712,23.98677636,24.07811878,24.14427591,24.63048746,24.95251164,24.7560566,24.87454884,24.43151335,24.0447141,23.7026193
1392,2466.58,23.49195893,23.08244361,22.73922763,22.5571762,22.82449127,22.85657525,22.92184915,23.22422301,23.61346186,23.99531643,24.04921392,24.1997902,24.14295901,24.02033433,24.00866444,23.99394629,24.03979213,24.70526361,24.94195577,24.78796797,24.83190899,24.51283523,24.03929509,23.70811875
114,1935.957,23.50750902,23.03921383,22.73339512,22.56242201,22.82706608,22.84417863,22.93091494,23.2224742,23.6735754,23.99404456,24.06754866,24.18913025,24.11572397,24.03421965,23.999908,23.96964954,24.05558785,24.67154981,24.93274065,24.79461316,24.8565545,24.43367778,24.03010274,23.768773
370,1003.035,23.49034822,23.04149161,22.73528398,22.55087515,22.82943802,22.86101116,22.91214975,23.20065149,23.6327689,23.95282384,24.07620477,24.21503162,24.12170709,24.02053784,23.99511976,23.97455919,24.0742545,24.64635552,24.91953396,24.79325762,24.81890064,24.52303941,24.03291256,23.69577075
3392,1364.54,23.48460962,23.03247396,22.74301045,22.55201364,22.82484002,22.84951518,22.94216341,23.22138139,23.69109247,23.97197266,24.07224337,24.21501196,24.09325336,24.05289549,24.00200415,23.98564614,24.06853915,24.65846218,24.91831365,24.77430582,24.84579607,24.45424263,24.03776779,23.69952139
3649,1520.133,23.47998557,23.03159687,22.74249768,22.56278161,22.8274983,22.8590848,22.88442561,23.20556877,23.66409567,23.97795669,24.06606453,24.19822544,24.11861724,24.01261611,24.00862047,23.99231748,24.0488791,24.65159237,24.9221032,24.78680578,24.85416741,24.45473551,24.03340765,23.72641674
3134,497.885,23.50063787,23.01244732,22.76957092,22.55162815,22.84545793,22.84746392,22.90896081,23.22227814,23.69057466,23.95199249,24.10374814,24.20826087,24.11497285,24.06506561,24.00269997,23.99082562,24.06727348,24.70080065,24.91474737,24.79958994,24.85945478,24.43159613,24.02877989,23.69374105
781,1038.115,23.51208077,23.08835765,22.73493973,22.55001287,22.83424827,22.84653155,22.91007622,23.22724011,23.60110148,23.94507079,24.06960689,24.23634223,24.16014123,24.02900413,23.99393503,23.97780189,24.047443,24.6791329,24.95759989,24.77756431,24.84438449,24.42313093,24.04259413,23.82023866
6412,2066.332,23.49537501,23.05854132,22.74131392,22.54949027,22.8262982,22.84773721,22.90789398,23.17893208,23.77110941,23.97165954,24.05817083,24.21116229,24.17859331,24.03177776,24.00616358,24.00206573,24.06701308,24.64686881,24.91622746,24.78888812,24.86851505,24.4389166,24.0457631,23.70344983
1551,541.151,23.54181286,23.09442851,22.76139826,22.56160775,22.8149644,22.86884213,22.89486238,23.20620499,23.64634095,23.98877902,24.10929817,24.20251525,24.10991689,24.05819023,24.01189204,23.98156809,24.05745271,24.65013314,24.89514304,24.74079944,24.8111056,24.44147125,24.04982257,23.73561995
6423,1626.951,23.48303567,23.05057406,22.75190096,22.56595672,22.81168855,22.86535353,22.89746053,23.19496791,23.65438614,23.97209531,24.07091098,24.21422117,24.12858032,24.03135519,23.997175,23.97554454,24.09280855,24.58245106,24.94967058,24.77443642,24.85916416,24.43870126,24.05198037,23.66889969
4375,3006.675,23.49201607,23.06260892,22.73773086,22.55596835,22.82936529,22.8540838,22.92808337,23.21060974,23.65465535,23.97004958,24.07022975,24.20713642,24.1090761,24.03190637,24.00703062,23.97948775,24.04775291,24.64992343,24.9181081,24.78632306,24.85181066,24.43600075,24.03561774,23.69725947
6165,608.908,23.50107843,23.13160621,22.7190514,22.57812299,22.80758406,22.8843891,22.92550018,23.27057825,23.65646842,24.01342741,24.09380002,24.24842415,24.09266275,24.04560376,24.01027917,23.98489204,24.068555,24.68049531,24.92049788,24.8043112,24.88342542,24.42529665,24.03153942,23.74312669
4373,2194.473,23.52195308,23.01414313,22.73471234,22.57842078,22.84522876,22.82417391,22.96805892,23.17111577,23.6860475,23.94834594,24.08999311,24.22771853,24.06380064,24.04629258,24.09478335,23.99952653,24.080379,24.71131388,24.92188335,24.7875289,24.95267906,24.38683415,24.03026166,23.71825976
9235,489.474,23.46011021,23.06150159,22.71656273,22.55668687,22.79879135,22.84698551,22.91911946,23.19792785,23.62429069,23.92503492,24.10728451,24.17337944,24.10755858,24.04225258,24.03501302,23.95390665,24.02961957,24.68104526,24.9235698,24.7920728,24.87202973,24.42323104,24.03092025,23.67646209
2072,609.579,23.4968218,23.06543647,22.75843177,22.55479089,22.83088005,22.87817139,22.92662076,23.19490982,23.71604068,23.94190528,24.09811024,24.19658451,24.14196399,24.02732695,24.00781789,23.97727286,24.07183237,24.67621783,24.89232723,24.75948457,24.87222815,24.41892889,24.01055673,23.69083957
26,610.339,23.49751126,23.02507801,22.73868397,22.56066554,22.82403961,22.85096864,22.89762787,23.20966658,23.63985931,23.97309702,24.08062204,24.19480146,24.12612762,24.05549655,24.00310701,23.96998516,24.06355733,24.65018604,24.91604051,24.79275983,24.85374557,24.44998416,24.04732586,23.70513066
4633,1957.524,23.45412964,23.04647664,22.76022775,22.54787651,22.8402295,22.90649384,22.92809938,23.14457118,23.69307317,23.95789679,24.107548,24.215951,24.11841401,24.07326508,24.00994052,23.95319855,24.03879297,24.5405027,24.90393766,24.79224707,24.87350051,24.38611414,24.12833917,23.70082451
8218,652.745,23.48746514,23.08871827,22.7656907,22.53185576,22.79517882,22.85783322,22.89478508,23.23971851,23.71434602,23.97697384,24.06261741,24.21600567,24.16544857,23.96365039,23.9677873,23.96503575,24.05076048,24.62218164,24.93390549,24.78253972,24.87438682,24.45882807,24.03976856,23.70251822
6941,3016.889,23.50133981,23.04855163,22.7384267,22.55174369,22.82718223,22.85571526,22.91062887,23.20894622,23.6496343,23.95905917,24.06848644,24.1565654,24.12326729,24.03142819,24.01019455,23.98217275,24.0665343,24.65832674,24.91703982,24.78266249,24.8504701,24.45087955,24.04979113,23.69646272
7965,3634.991,23.48447685,23.05951606,22.74414035,22.57394578,22.81070302,22.90125356,22.83400634,23.27112282,23.57273855,24.04619794,24.06873979,24.15203177,24.11072051,24.05903659,24.00410133,23.97680341,23.98871514,24.66220299,24.92492655,24.77340203,24.77009464,24.52114048,24.03955509,23.58739734
2337,198.14,23.48724045,23.02835947,22.74041288,22.55327416,22.82711226,22.85567344,22.92202732,23.20748374,23.5993669,23.95596221,24.0682199,24.21336677,24.1306049,24.03373409,23.99163256,23.98272865,24.04863311,24.63442794,24.91229184,24.77986991,24.8533646,24.43908665,24.05125368,23.69746226
6691,4631.789,23.4855524,23.05042174,22.74512163,22.55446997,22.82868829,22.8928889,22.91824118,23.20617579,23.71144912,23.96956537,24.06797788,24.17004531,24.12993939,24.0371778,24.01312162,23.97329964,24.01157097,24.64945173,24.93119161,24.84509261,24.85188969,24.41680899,24.09873265,23.72166894
545,1405.365,23.46862179,23.05099383,22.73980755,22.56322836,22.84327921,22.85453791,22.93145209,23.23816396,23.65238951,23.95290544,24.04947779,24.18195141,24.15326412,24.05875411,24.03300849,23.97842924,24.03700242,24.68082957,24.93770676,24.79398182,24.820965,24.49341646,24.07067351,23.70160612
8741,773.27,23.48331239,23.07532756,22.80773141,22.55282442,22.84834847,22.85726408,23.10154555,23.19198347,23.64840603,23.91306399,24.02433967,24.17478863,24.08066814,24.06292348,23.99683015,23.97912648,24.03425083,24.68290552,24.87086774,24.77192719,24.86681641,24.40935199,24.01336375,23.74495271
2575,1692.903,23.52024378,23.06616562,22.71482198,22.56665852,22.82011277,22.88050174,22.96059485,23.28746638,23.65153082,23.96650022,24.05407899,24.22941358,24.14077983,24.03588577,24.0055419,23.98307328,24.05756684,24.64808783,24.92100657,24.77903612,24.85142065,24.45571882,24.03276403,23.7058979
8201,1220.536,23.49249341,23.09854128,22.73328563,22.55722615,22.82519449,22.84963721,22.91945824,23.21049538,23.64835836,23.95913157,24.09113338,24.23316847,24.06667642,24.11134918,23.99106926,24.02048745,24.03520973,24.7107913,24.92389959,24.81332699,24.86414199,24.46563343,24.03709806,23.70663954
9766,1851.176,23.48305499,23.04967875,22.77646751,22.55273143,22.82540035,22.8564933,22.9721804,23.24691987,23.62693278,23.97422815,24.066879,24.23801004,24.14513453,24.07474271,24.06888426,23.99269186,24.00604811,24.72501697,24.92281499,24.78738319,24.87370183,24.41407931,24.05675646,23.70639556
7951,1769.065,23.34328212,22.98392732,22.90034944,22.57046418,22.7621102,22.93575791,23.1773111,23.31887617,23.40883708,24.02096584,24.16279622,24.23831113,24.13484205,24.05946449,24.00276108,23.96716941,24.03567524,24.80683803,24.95528648,24.7727002,24.85494406,24.42663049,24.01706776,23.86020009
8197,4721.96,23.49264249,23.05795376,22.71132955,22.55295862,22.82461057,22.82752412,22.84918515,23.20755408,23.65541711,23.93909617,24.07082969,24.21961915,24.11610098,24.03520387,24.02738832,23.97963383,24.05269001,24.70852937,24.909581,24.79319726,24.79967288,24.47071633,24.03658316,23.6832907
4352,788.488,23.47887156,23.05333856,22.72358718,22.54559764,22.82133068,22.86949777,22.96338416,23.1855696,23.68506597,23.95798772,24.07483517,24.19804402,24.10078258,24.05906198,23.99810753,23.99695346,24.05139048,24.65821171,24.90792449,24.77917675,24.84539415,24.48103898,24.04034428,23.74616185
2818,1017.821,23.5532927,23.01679234,22.74425704,22.55577381,22.83407217,22.84234431,22.95251425,23.17374532,23.60558909,23.9886618,24.06108784,24.20433783,24.09420401,24.05060203,23.98912652,23.97337004,24.02167323,24.6601137,24.8263461,24.76576438,24.87028927,24.41345745,24.05186302,23.7354598
1283,1398.904,23.4977516,23.04576777,22.74015203,22.55490507,22.82397477,22.85335071,22.91182477,23.20955381,23.64804019,23.9500801,24.07032553,24.20975955,24.13523313,24.03427748,24.00107797,23.97767915,24.04700197,24.66062093,24.90593934,24.79256909,24.84714043,24.43567113,24.03439682,23.70371294
516,1754.106,23.50444377,22.9126943,22.74030837,22.5752262,22.82465024,22.82494448,22.93380835,23.35794903,23.69772714,24.00337211,24.02433712,24.21483322,24.10833806,24.01605682,24.04130628,23.99970914,24.05552601,24.65106445,24.98597782,24.79327231,24.92436121,24.53373166,24.03112833,23.70803725
9729,647.155,23.49445985,23.07144411,22.73432438,22.57628477,22.81360202,22.86911905,22.91593122,23.20273045,23.64228064,23.97761283,24.0492766,24.19904801,24.12501662,24.05545869,24.00146331,23.97990104,24.04598147,24.6410474,24.92157227,24.79645192,24.8429855,24.43043445,24.03301804,23.67316915
774,1763.002,23.49957023,23.04105053,22.74305924,22.55111297,22.82733358,22.85480814,22.8934769,23.20909513,23.65271321,23.97223646,24.07317961,24.20816085,24.12146807,24.0263314,24.00156668,23.98496072,24.05315253,24.6606774,24.91493446,24.78647971,24.8460798,24.44488714,24.03160474,23.70835566
7429,1512.053,23.50152628,23.08053237,22.72459458,22.60137484,22.82086636,22.82594174,22.88783382,23.2131981,23.62309154,23.99790615,24.02917857,24.2042317,24.14355024,24.0804766,24.02136031,24.01054274,24.03868212,24.645596,24.92337714,24.79487866,24.81538906,24.48754577,24.08249883,23.76563383
6148,2164.916,23.50391727,23.03480972,22.73572199,22.55488863,22.83016546,22.86129557,22.916518,23.20953876,23.6734617,23.98046954,24.07877575,24.21088424,24.11727852,24.02747888,24.0224425,23.96863598,24.05690435,24.69647609,24.93731633,24.78681527,24.87613264,24.44890597,24.0368884,23.71105019
4357,298.221,23.5055716,23.04721548,22.75937325,22.55668619,22.81869273,22.84918724,23.01977742,23.22886155,23.68577292,23.9333749,24.05143865,24.22625097,24.07956229,24.04428119,24.04362071,23.99834838,24.03389209,24.68671172,24.88546398,24.80328541,24.83727593,24.45552366,24.03103925,23.6986715
7940,1790.51,23.49400964,23.05285401,22.74310538,22.55267758,22.82048842,22.84494398,22.9100377,23.20091883,23.6605388,24.00029949,24.06714956,24.24172767,24.18165942,24.07928349,23.98310168,23.94538956,24.08936763,24.55885842,24.93138123,24.79574753,24.86705839,24.44468566,24.05463724,23.67175752
4874,1971.291,23.40497618,23.15311595,22.72918091,22.55830451,22.8124639,22.85827167,22.93198335,23.22203967,23.67781044,24.0335082,24.07365358,24.19748105,24.10894665,24.01759395,24.01077613,23.99172541,24.05071649,24.65935514,24.90525824,24.77792785,24.8166331,24.45570361,24.05495681,23.6981592
9484,3792.035,23.49908043,23.04243023,22.74723624,22.55012868,22.82674964,22.85327231,22.98683708,23.21584495,23.66119501,23.96915705,24.07936368,24.15710083,24.11289383,24.06553249,24.00604152,24.0046031,24.03372545,24.64674709,24.94670856,24.79833402,24.86333025,24.4797998,24.03654319,23.70104056
1800,833.552,23.44582287,23.0738042,22.73753721,22.55484847,22.83427472,22.85816799,22.93503652,23.21394491,23.67144904,24.00752466,24.06742416,24.24519359,24.12378194,24.03500865,24.00758471,23.96207654,24.07841391,24.58813939,24.90616951,24.78993327,24.88437501,24.41560874,24.00610653,23.70346577
3849,760.742,23.48256588,23.03282939,22.73396124,22.56566854,22.83306132,22.85596287,22.89947428,23.22960171,23.67828083,23.99870798,24.09564269,24.20792802,24.13711001,24.03506137,23.99147974,23.9453278,24.05005884,24.62341486,24.94410596,24.79700616,24.85155327,24.44579341,24.0399992,23.70304551
1801,1233.081,23.49576068,23.05509961,22.72158866,22.55835174,22.82063145,22.86318889,22.97004902,23.21108491,23.70658287,23.95049532,24.07005402,24.27890084,24.20123099,24.00016156,24.0214423,23.98060794,24.09057237,24.64110288,24.93796417,24.78732459,24.87050134,24.44977899,24.05177688,23.71756609
2829,1037.137,23.46432681,23.05570452,22.7756982,22.56674167,22.82802303,22.8460088,22.96205547,23.23860083,23.59826261,23.96757865,24.06368908,24.19559278,24.1262506,24.02110692,24.03157377,23.95353353,24.0808523,24.6690113,24.92259931,24.77244444,24.86162915,24.43102554,24.02882025,23.71928972
3104,1259.917,23.5118883,22.97500498,22.77402464,22.55541,22.84590259,22.81300673,22.96935686,23.24197786,23.662322,24.02844669,24.05458253,24.22439663,24.10086382,23.99615607,23.98373711,23.9511816,24.0002289,24.66614975,24.78089558,24.7933387,24.84017024,24.41277679,24.01625246,23.72637529
4641,310.251,23.51022634,23.02278404,22.73493857,22.55921432,22.8221912,22.86423787,23.03129939,23.19254773,23.63704626,23.98053119,24.07422608,24.22312079,24.05078545,24.01871581,24.01640889,24.00226674,24.05259688,24.65597361,24.92518645,24.77572102,24.87710279,24.44451512,24.02833766,23.72717802
9019,1488.548,23.48393352,23.04083181,22.73914451,22.56319309,22.82891452,22.84628094,22.92029013,23.19957831,23.67303502,23.96379058,24.06739028,24.19597096,24.1167872,24.0355449,24.00719969,23.97338583,24.03496578,24.66478587,24.91284194,24.78958924,24.85674819,24.44352777,24.04820759,23.69713304
821,838.61,23.49173571,22.97989815,22.75175848,22.55979025,22.8198207,22.84794092,22.90078217,23.24997387,23.6314427,23.95767505,24.07935666,24.19736314,24.0745079,24.15634666,24.06768124,24.08874677,24.1933052,24.61401135,24.89938491,24.78187343,24.86526874,24.44713321,24.03193925,23.67797714
1334,1030.783,23.50151785,23.02616319,22.74347256,22.56651989,22.83569982,22.84729642,22.89413655,23.23219995,23.65583852,23.96625861,24.06855401,24.19475249,24.07875609,23.99440676,24.02789763,23.96459027,24.0522776,24.65073076,24.91381765,24.77550916,24.88502691,24.43904391,24.04027431,23.6576155
7989,1182.26,23.50072948,23.0408188,22.73102749,22.56616233,22.84018257,22.85836476,22.90849613,23.20601117,23.56540654,23.98069587,24.05961964,24.2022912,24.11999354,24.01933769,24.00289799,23.97935286,24.11506634,24.66092356,24.91583476,24.78955573,24.85969287,24.48005933,24.03211714,23.70964033
8243,1073.855,23.49880154,23.05313404,22.73961766,22.55286364,22.82919049,22.85871431,22.92949572,23.21463703,23.71136496,23.9214418,24.06880053,24.22686963,24.11678788,24.03703039,24.01790038,23.98190617,24.0501692,24.65629015,24.91142286,24.79401635,24.85304093,24.43453478,24.04917572,23.70946686
3126,3961.561,23.51891446,23.07765958,22.74198035,22.56760891,22.82146323,22.85910837,22.91030958,23.16017549,23.66623525,23.94791554,24.06371059,24.19661805,24.14334263,24.04049688,24.00915777,23.97200546,24.04843148,24.65899309,24.9199134,24.81272484,24.85252833,24.53241961,24.03208524,23.7406605
4154,3520.971,23.49623192,23.02971376,22.82848434,22.58560731,22.85724703,22.93833663,22.92726669,23.17734077,23.66978633,24.04301187,24.07019281,24.2163102,24.09199237,24.10571772,24.00710269,24.01324046,24.02628016,24.60539484,24.89274486,24.78912661,24.80722807,24.4146747,24.04068483,23.72818323
2361,1052.167,23.49900464,23.05337505,22.74224928,22.55733987,22.83426285,22.81782064,22.85396014,23.1446064,23.64934687,23.97071237,24.06349833,24.20070587,24.12928807,24.02720449,24.05361453,24.00654699,24.03057991,24.64186614,24.92856871,24.78712045,24.83282731,24.45674589,24.03966848,23.73868015
7739,1179.586,23.44266627,23.0583044,22.73840473,22.55931172,22.81604562,22.82079269,22.9616862,23.2612484,23.62579434,23.986323,24.03949394,24.18239645,24.10021764,24.02788297,24.00406278,24.01859863,24.06439074,24.64760293,24.92255875,24.78619998,24.84018325,24.44506587,24.0269182,23.88417197
4920,1125.505,23.44631527,23.05478564,22.74845623,22.56036538,22.83219726,22.85735359,22.918254,23.21895946,23.67964357,23.96436928,24.06808493,24.2144722,24.10432818,24.02887703,24.01670295,23.98703661,24.04926463,24.68413409,24.92139818,24.78176605,24.84215691,24.46740362,24.04345383,23.71044882
9278,3342.483,23.46814095,22.95558856,22.74240357,22.60295845,22.84956809,22.87615318,22.99389696,23.24082428,23.56337077,23.88812661,24.09745486,24.24735633,24.12884505,24.03135688,23.96709446,24.02056652,24.08502391,24.62950488,24.92873126,24.80515974,24.90732826,24.45591521,24.0186144,23.65370636
59,5386.205,23.48340904,23.0283478,22.76292623,22.56575457,22.85554379,22.89232641,22.95464368,23.2224383,23.69619364,23.99409035,24.08443117,24.20183491,24.13254955,24.04730129,24.01483878,23.99029604,24.04818125,24.64871004,24.90258425,24.79640688,24.82884101,24.43198466,24.0175402,23.71847314
8767,1598.989,23.49504128,23.07976593,22.76012224,22.54161123,22.81354489,22.85843965,22.93891643,23.20715601,23.63603775,23.96003934,24.08432557,24.1984018,24.1008121,23.99493769,24.02222698,23.97814506,24.01141622,24.75113206,24.90808552,24.79841896,24.87827233,24.43870845,24.04340696,23.73206566
2365,664.598,23.48218105,23.03390972,22.74543531,22.55088537,22.82576335,22.86700935,22.90005599,23.21049137,23.6623176,23.9643739,24.05805316,24.20939157,24.12683868,24.02912225,24.00148657,23.96864903,24.1201813,24.6384372,24.93304345,24.80328424,24.84577757,24.44631354,24.05462033,23.69022144
4670,816.779,23.49997184,23.10483777,22.73884741,22.55802306,22.8243267,22.86243655,22.92301369,23.19800722,23.71603641,23.90183364,24.07400588,24.19152586,24.08997348,24.03167067,24.01056671,24.01718997,24.09569595,24.63610607,24.90075602,24.80555698,24.89002927,24.49461045,24.03677247,23.774674
1086,1021.773,23.51200853,23.04196255,22.74186012,22.55149795,22.82645283,22.85105964,22.88751491,23.19150758,23.62012616,23.94480699,24.08165148,24.19155294,24.1520972,24.02997212,24.01143417,23.98550802,24.07120211,24.64765191,24.91493535,24.79152291,24.85829221,24.44812984,24.03042315,23.7324552
7741,1672.224,23.49423695,23.07156349,22.74572183,22.55895288,22.82750402,22.85908437,22.96085113,23.20261318,23.70086353,24.05679543,24.06040484,24.2089489,24.11001335,24.02114125,23.97671528,23.98703885,24.05512983,24.66190997,24.91835318,24.78624809,24.85303722,24.42180019,24.04548786,23.73673022
6460,1118.594,23.49007097,23.06630101,22.74707909,22.55386273,22.83319641,22.86177747,22.91780471,23.20166093,23.6404814,23.96202696,24.07767593,24.2180988,24.11840174,24.01964817,24.00656028,23.9813925,24.04981766,24.6453337,24.9133685,24.80012482,24.85661485,24.44985005,24.0273965,23.68700439
575,656.05,23.55457693,22.99320886,22.7329163,22.5477412,22.83035341,22.89976215,22.96291558,23.20330318,23.64197765,23.95575313,24.07478652,24.20870233,24.16751463,24.02434067,24.09409497,23.9718317,24.04777009,24.71820138,24.91781962,24.77621017,24.87226844,24.41231648,23.97982003,23.75608095
1589,1205.163,23.51754243,22.9781721,22.72190809,22.56963324,22.82938269,22.87571904,22.93892302,23.2506766,23.58708152,23.98967374,24.07433461,24.21932242,24.12492716,24.0194737,24.01020434,23.99150233,24.0508417,24.65490864,24.88124729,24.78785385,24.85948221,24.44769766,24.04326771,23.71009295
9776,4002.579,23.5011943,23.03305197,22.73845492,22.56002417,22.83340627,22.84405493,22.91888587,23.22384337,23.65296356,23.9581302,24.06581258,24.26015731,24.14082682,24.04436782,24.00326277,24.02801477,24.04129357,24.64129556,24.91313994,24.80798971,24.85025299,24.43475973,24.03186984,23.72229558
547,872.14,23.49486183,23.05178742,22.73976158,22.55302013,22.82629015,22.85695637,22.91536747,23.2104543,23.65034444,23.96802043,24.07038449,24.20894437,24.12155258,24.03045166,24.00738566,23.97950288,24.04565116,24.64885322,24.92155806,24.78703515,24.86010024,24.43517419,24.03863807,23.69086638
3635,3088.802,23.52030635,23.03664847,22.72378016,22.53447103,22.81619253,22.84795528,22.92131936,23.21438464,23.84677111,24.03254553,24.10570136,24.16160375,24.10076034,24.02871685,24.01116562,24.02903154,24.04864098,24.65681763,24.92029898,24.78856318,24.84657929,24.43865518,24.03379817,23.6917636
9248,3428.998,23.43766819,23.02308151,22.74597971,22.55456069,22.82501176,22.85479725,22.93626892,23.26084106,23.64893579,23.97978965,24.06960128,24.21474373,24.11618242,24.04036598,24.01709798,23.97500979,24.05816543,24.67242911,24.90247283,24.7811346,24.88995827,24.49128909,24.03579953,23.70138533
7719,2473.835,23.46661696,23.04807702,22.74459617,22.5596761,22.82797224,22.86261846,22.89464198,23.2375928,23.66453564,23.95462298,24.05818034,24.23105011,24.11020057,24.06833739,24.01754857,24.03606917,24.02842457,24.65942678,24.91555589,24.7845853,24.85915505,24.50131634,24.04046865,23.70398824
3367,1810.247,23.48150904,23.04683903,22.75092192,22.57582073,22.86099923,22.84703269,22.8968768,23.21392483,23.66538659,24.02594642,24.09565107,24.28238232,24.19583061,24.04544104,24.00696632,23.96242578,24.06484679,24.66211806,24.93220255,24.77006484,24.84135982,24.42874959,24.04254613,23.70766646
7973,1639.717,23.51642516,23.05496668,22.71629526,22.54053993,22.798789,22.84888615,22.94148316,23.2500991,23.70494309,23.98246361,24.06771839,24.24131469,24.09086465,24.00268039,24.04686287,23.97139843,24.05941939,24.80780943,24.94212,24.7686112,24.86062696,24.31811438,24.05073852,23.73171526
1830,1064.87,23.50702258,23.04331434,22.73959455,22.55297339,22.8147509,22.83113436,22.94280162,23.2081546,23.63533704,23.97492709,24.07959704,24.2084171,24.11813668,23.98834672,23.94741798,23.96284429,24.05807557,24.73657798,24.88419745,24.79055517,24.85363107,24.4442076,24.03186141,23.70646129
6692,2207.341,23.47950761,23.04433012,22.74154646,22.55016723,22.82522608,22.87612347,22.91180613,23.20657987,23.63292923,24.00867388,24.07203222,24.23420836,24.10786456,24.02871978,24.01049191,23.99021085,24.04430662,24.6642182,24.9206808,24.77656949,24.92230411,24.42134368,24.03565803,23.72529158
8995,597.134,23.51463309,23.02465651,22.72567476,22.56340703,22.83678362,22.83672879,22.97903073,23.23040243,23.7138995,23.96684187,24.10021459,24.20028148,24.15821194,24.06252357,24.00785046,23.98979675,24.04858171,24.69429121,24.94015967,24.78110077,24.84922888,24.39150001,24.05466189,23.65797089
8236,1511.293,23.66554443,23.01816617,22.75414735,22.55291114,22.82774553,22.85171986,22.90780044,23.25156904,23.62906553,24.05078805,24.08237889,24.17724232,24.12177152,23.97510815,23.98078473,24.01546696,24.08371082,24.69765089,24.91566116,24.84043746,24.89439771,24.52643078,24.04798945,23.69642106
3368,1340.18,23.55447791,23.00762151,22.86668555,22.54912312,22.80615708,22.80193622,22.90655397,23.22295724,23.63759746,23.92927531,24.1576898,24.21311358,24.15597804,24.00473702,24.13490618,23.94238134,24.07569124,24.59807153,24.91402868,24.7869626,24.87280747,24.52206967,24.03902763,23.72621325
2859,349.009,23.48383136,22.97320941,22.71743867,22.53429115,22.81245584,22.84043657,22.94270561,23.26880752,23.57625259,24.01260769,24.06947165,24.19062016,24.12199251,24.01894134,24.05008547,23.94777274,24.05292327,24.62850799,24.94602093,24.79961608,24.86925745,24.46661834,24.03056262,23.64756932
9775,1078.976,23.47686665,23.06631855,22.74280268,22.55964996,22.81111118,22.86829547,22.93303358,23.22309253,23.71969629,23.97514326,24.07264228,24.20296519,24.14555214,24.02292792,24.0277104,23.99306262,24.04514148,24.66062085,24.92465188,24.76958139,24.85362598,24.41919447,24.03202328,23.7055448
9001,935.196,23.45340082,22.9409615,22.73657947,22.57052179,22.81971743,22.88542708,22.91985856,23.19442937,23.53305059,23.98401621,24.08189868,24.18434898,24.10106621,24.00665197,23.95998564,23.99572665,24.02013958,24.70512356,24.92290818,24.77507683,24.84811401,24.42936681,24.03033783,23.72263287
2094,3100.851,23.49372363,23.03043071,22.74814874,22.55031083,22.83009117,22.86346742,22.92145242,23.21208881,23.65146429,23.99562294,24.0969979,24.19455793,24.11844096,24.06522799,24.00443786,23.98021523,24.05269101,24.63795369,24.9214615,24.78663483,24.85897729,24.4309231,24.04683704,23.74619171
2606,239.566,23.52950012,23.01041957,22.74677575,22.55463602,22.83169376,22.85160574,22.88472592,23.21281443,23.6008435,23.96206031,24.05751074,24.22311842,24.15365302,24.00401349,24.01464215,23.98426031,24.03024063,24.66561316,24.94188211,24.76938292,24.82462905,24.47063099,24.01830109,23.75026989
9771,2930.124,23.49560916,23.12402816,22.7524926,22.55654681,22.82695885,22.86884163,22.88604494,23.21041442,23.65342499,23.97140986,24.07521285,24.20970544,24.12463311,24.04586058,24.00497138,23.97210581,24.05971792,24.67492209,24.92424006,24.7838405,24.84434402,24.4303951,24.0407882,23.77616232
7731,1117.01,23.50529181,23.05629652,22.74148735,22.54597749,22.81307573,22.8620877,22.94384458,23.20784147,23.58690643,23.96072412,24.06206655,24.22434475,24.10530986,24.05800944,24.05738134,24.0416228,23.9783596,24.66005348,24.92151841,24.75409234,24.82542955,24.42245912,24.06697183,23.64199182
4147,1729.127,23.48687515,23.0511256,22.7410701,22.54944664,22.82194954,22.86484224,22.91658187,23.20810321,23.71551953,23.96469936,24.06302276,24.20945852,24.12834408,24.02951412,23.99629564,23.9841385,24.06637314,24.64965975,24.91573409,24.7870734,24.85630975,24.43184245,24.0384255,23.67399525
4220,2402.105,23.49559012,23.05426339,22.73731036,22.51872998,22.82905693,22.86446287,22.91645044,23.21382281,23.66221484,23.98043113,24.04102281,24.20416638,24.11656211,24.01914606,24.03448845,23.97353712,24.10304676,24.60825168,24.89720052,24.78135971,24.8652687,24.44830964,24.03858616,23.69176981
3967,1036.905,23.44532131,23.07099054,22.75507715,22.5582055,22.8205811,22.86202787,22.91161865,23.26371131,23.66741466,23.9882263,24.05426385,24.26525685,24.09232522,24.06155806,24.01559185,23.9679022,24.09514332,24.64628752,24.92283871,24.77037772,24.88039319,24.4467454,24.03520529,23.65740998
1791,1060.957,23.51394534,23.0553603,22.71842588,22.53166172,22.82306508,22.84135923,22.90298104,23.21176883,23.63230532,23.96799958,24.05892437,24.15889301,24.10604224,24.06715757,24.01333561,23.97742027,24.05841648,24.62085591,24.91399309,24.76800763,24.82692147,24.42706813,24.04150867,23.74478336
1500,698.663,23.5029703,23.07673679,22.70613226,22.55468551,22.80185044,22.84915577,23.03030475,23.16597044,23.68395088,23.9270095,24.07798767,24.22396118,24.06604315,24.12475857,24.12609749,24.01171666,24.03264896,24.68673343,24.85793699,24.77851525,24.81307675,24.39549782,24.09494824,23.72518477
9937,874.652,23.50238369,23.05146819,22.74262444,22.55300153,22.8294707,22.86851145,22.95322177,23.21160123,23.67072141,23.98515637,24.10802584,24.22210542,24.09511526,24.03549346,24.01448599,23.92614318,24.03463471,24.64343168,24.92500754,24.78881243,24.86869008,24.46685287,24.04715851,23.68977746
9938,4459.71,23.50081865,23.0504312,22.73878143,22.55138971,22.8287223,22.856753,22.92314811,23.19608593,23.60153918,23.96375245,24.07287204,24.23459199,24.14070811,24.03590719,24.01038084,23.99171852,24.02712425,24.68069671,24.91650395,24.78421083,24.85040616,24.44223342,24.03518545,23.70544757
9939,2412.153,23.48654577,23.03364161,22.73605789,22.5524856,22.82355374,22.84835971,23.00322129,23.22420643,23.72290802,23.93625637,24.10131443,24.22760084,24.10582138,24.04422728,23.99381164,23.95845925,24.06478262,24.68601764,24.88858117,24.79796447,24.87100094,24.49851612,24.08212753,23.65817067
6101,706.303,23.51875821,23.09496832,22.73662267,22.54729535,22.81375969,22.84115398,22.94878675,23.22290633,23.72129675,23.9334315,24.07597962,24.17195292,24.111943,24.04889991,23.99797881,23.96907097,24.05615348,24.67199544,24.92930217,24.79157274,24.85810304,24.44223761,24.02307995,23.75236033
8669,3115.323,23.51688738,23.02600796,22.8130723,22.6131623,22.83501509,22.8780009,22.88998145,23.24001196,23.6315983,23.95818011,24.06908512,24.2609976,24.01208172,24.05779757,24.03429386,24.05273629,24.07707444,24.59808993,24.93065542,24.78551261,24.90782697,24.48682953,24.09170005,23.72773493
7641,1969.976,23.49442761,23.02605876,22.7609259,22.57195599,22.84060579,22.8569312,22.86168603,23.20888085,23.67552534,23.95630761,24.0681902,24.27015369,24.10335334,24.07380966,24.02837318,24.01213209,24.10340177,24.58048595,24.92107032,24.81743029,24.89829197,24.43456472,24.0250212,23.69044087
4313,2759.466,23.47309391,23.0281466,22.74736106,22.55339547,22.83419003,22.86763525,22.95757115,23.21764284,23.65131534,23.96848465,24.07619856,24.21113523,24.12799477,24.02481581,24.00113034,23.98137552,24.04676984,24.65549868,24.92385359,24.78660962,24.85083058,24.44272874,24.03967753,23.72377062
4575,1191.335,23.48924102,23.02876126,22.73910714,22.56229817,22.82215502,22.86838615,22.89101003,23.19718451,23.65022997,24.00109885,24.04981518,24.1372516,24.06898903,24.01261774,24.01235963,24.00044205,24.01764692,24.66732647,24.91881609,24.77744851,24.81665519,24.50417049,24.03980369,23.70892585
2945,1325.112,23.52410793,23.0549489,22.79051099,22.54156809,22.80580672,22.80828953,22.91385318,23.21278466,23.67812186,23.963418,24.08648772,24.19130499,24.1224712,24.06411574,24.02632336,23.99926545,24.04371255,24.64435176,24.92341992,24.77151238,24.84752287,24.44835217,24.04794771,23.7094563
3036,871.867,23.46817573,23.1478256,22.74087608,22.548344,22.83598234,22.85562789,22.867581,23.21520315,23.62800639,23.97613788,24.06911069,24.19158965,24.1078862,24.00181353,24.0230209,23.92661811,23.96124229,24.74943855,24.87190106,24.77378216,24.87550356,24.43405579,24.03384519,23.71516226
7390,671.687,23.45309737,23.02635382,22.7342486,22.55515758,22.79544176,22.85936355,22.91138396,23.18148392,23.67742146,23.92824713,24.09566618,24.19715234,24.10079391,24.01184307,23.96102269,24.04868827,24.10576512,24.64121257,24.92154,24.79425549,24.86246925,24.48363371,24.06902819,23.70262527
222,2918.354,23.48576637,23.04473387,22.73959441,22.55218829,22.82755111,22.85944892,22.91138301,23.20480549,23.63784684,23.95917299,24.048131,24.20686931,24.12811008,23.98439669,24.01180628,23.97976356,24.04495121,24.58015467,24.91157601,24.78734845,24.8350667,24.44118621,24.03730638,23.70358467
3039,1780.894,23.49594663,23.03603907,22.74101732,22.5552138,22.82830598,22.85947924,22.91923679,23.20486221,23.66504359,23.96594404,24.07052188,24.20733963,24.12135425,24.00243708,24.00981187,23.97821105,24.0514257,24.65760179,24.91676633,24.78693509,24.8562073,24.43923169,24.04032751,23.71778714
9434,1096.199,23.44012206,23.01964956,22.73104787,22.62215392,22.84086107,22.86711963,22.90787094,23.17720868,23.68289254,23.93244149,24.01989425,24.2744466,24.12264232,24.06126687,23.99525707,23.9648895,23.97342168,24.67625551,24.93123966,24.78626313,24.66432843,24.49846541,24.04444903,23.6554229
7901,1025.774,23.50124202,23.04579977,22.74436711,22.53566057,22.83386768,22.8705614,22.92647744,23.20250516,23.62015805,23.94840812,24.07751615,24.20873031,24.14160223,24.04056073,24.00136323,23.97242429,24.06221449,24.64539879,24.89401937,24.76965393,24.85454577,24.45263192,24.03474542,23.69007086
7900,1705.389,23.48508345,23.04950889,22.75383616,22.56294552,22.82098626,22.87544976,22.92115779,23.22395986,23.66227356,23.98411931,24.07230907,24.21089431,24.10506198,24.02332799,24.01254634,23.96558897,24.04704212,24.66741165,24.92181942,24.79469287,24.85916953,24.43688724,24.04610645,23.66846917
8156,742.855,23.45689573,23.05949185,22.75441117,22.55807077,22.82630931,22.87833597,22.9456716,23.19635443,23.65252356,23.98258366,24.07006831,24.18408052,24.08220925,24.02140409,24.01881449,23.96095655,24.06778493,24.6681744,24.84331321,24.78941446,24.84900888,24.46617999,24.0466085,23.72392815
2004,1533.873,23.50354108,23.0402778,22.7390214,22.5585928,22.81869632,22.85850071,22.93240039,23.21696926,23.6292983,23.99117842,24.0746594,24.23351994,24.16906921,24.01034983,24.00618908,23.99352024,24.04768681,24.64158865,24.92394443,24.79114624,24.86080725,24.42141294,24.03050355,23.72984972
3538,758.492,23.49730298,23.04775925,22.7827519,22.56735469,22.81031971,22.83439287,22.89760037,23.22713925,23.59238084,23.97841169,24.07459965,24.26731027,24.1753928,24.08994245,23.99192576,24.01884354,24.05880903,24.66353985,24.9225737,24.80925245,24.83997002,24.43001527,24.0355227,23.75559718
9942,1440.257,23.49422404,23.0455739,22.74121615,22.5512702,22.81611951,22.8500904,22.88911233,23.25777233,23.67197934,24.00212462,24.06481411,24.21061973,24.09457,24.04197644,23.96839607,23.97822676,24.05202272,24.7291273,24.92211863,24.81369038,24.84586705,24.42509607,24.04297644,23.71455108
3795,2659.484,23.49142601,22.95027609,22.74645155,22.58503123,22.80246525,22.92835081,22.84928095,23.18734762,23.81164218,23.98117593,24.0707121,24.14379305,24.14006134,24.01657952,23.96230902,23.99635746,24.04111863,24.68435502,24.93594747,24.80564841,24.93684335,24.41068713,24.04638714,23.70886695
9921,485.049,23.4854723,23.06157433,22.72465821,22.56488362,22.86640832,22.86293522,22.97601171,23.18816589,23.67790047,23.95516109,24.10110117,24.2059175,24.12378619,24.0352953,24.02754819,23.96014121,24.03550407,24.72773918,24.92346154,24.76910842,24.84843466,24.48076,24.03618222,23.7602359
8386,1563.943,23.47088937,23.01728357,22.74284733,22.55624096,22.82619592,22.87423546,22.98739358,23.17645724,23.68993494,23.94955006,24.07423565,24.17332193,24.10477076,24.05173223,24.00411915,23.98685767,24.05384812,24.6480735,24.9234341,24.79776056,24.85841145,24.43592936,24.05296384,23.71135308
3527,1005.224,23.51281561,23.06210003,22.73902698,22.55607535,22.82419018,22.85413977,22.988483,23.18546405,23.67285194,23.96901628,24.05078057,24.22692223,24.09353203,24.00638908,24.00279236,24.01275605,24.09335663,24.58966556,24.92341203,24.78405793,24.85804849,24.38627765,24.05400083,23.79925465
9922,4028.199,23.48360818,23.05728746,22.73443796,22.56256412,22.84267649,22.86887832,22.94177043,23.19715979,23.69671974,23.98368028,24.07802243,24.20509507,24.11882475,24.03592364,23.99803987,23.97166833,24.0472334,24.661088,24.91769424,24.78921828,24.90835485,24.44722638,24.03448866,23.74545754
4298,943.669,23.48907117,23.07948657,22.74583102,22.55778246,22.83216893,22.84851059,22.97690539,23.2161378,23.59420403,23.99757037,24.07314722,24.20679193,24.12084234,24.03310279,23.99745275,23.99884693,24.03655135,24.67344876,24.91590782,24.78528193,24.84112698,24.43046378,24.03802256,23.70467594
3273,821.9,23.48488302,23.00701327,22.8028372,22.53360471,22.90692376,22.86936971,22.91928488,23.20892359,23.56276418,24.09723949,24.0675921,24.14719347,24.1529318,24.06798429,24.07094538,24.0610681,24.07039026,24.44848537,24.91377166,24.79205691,24.83008248,24.38425636,24.03814361,23.70748675
7627,1937.68,23.51427225,23.10091339,22.77954347,22.56369136,22.83338799,22.86433188,22.96245699,23.17155215,23.65210689,23.94888569,24.07345351,24.27683956,24.11028699,24.02250624,24.01598464,23.95362613,24.04812986,24.62690728,24.93176085,24.78969016,24.79690556,24.48745846,24.03034172,23.82401826
9932,991.264,23.49478632,23.04998983,22.7469818,22.54954622,22.82672297,22.87783944,23.01542127,23.1981009,23.60979711,23.98603863,24.06808137,24.27089472,24.20014616,24.03008148,23.99948424,23.97773321,24.04092392,24.63439788,24.92404024,24.78260143,24.83985114,24.4297783,24.02400031,23.61330107
4297,793.066,23.51487073,23.01049494,22.74555135,22.55100253,22.82436166,22.86262134,22.90435643,23.22672972,23.67425612,24.0600172,24.05042455,24.18325627,24.1111337,24.03019779,24.01101715,23.9796899,24.04396916,24.66802602,24.92283541,24.80223122,24.86523197,24.47580619,24.03438294,23.6849543
9935,15154.914,23.57301381,23.13341854,22.81286141,22.61654347,22.89270973,22.9337937,23.02618241,23.27006532,23.67213942,24.0367457,24.11638371,24.26643682,24.18040397,24.09570514,24.07611625,24.03828385,24.12252789,24.75819202,24.96973525,24.86104751,24.94099646,24.51947823,24.12004953,23.79977503
9160,948.148,23.51320954,23.03201657,22.74357714,22.55835763,22.8229407,22.8467947,22.93225037,23.20337809,23.6820177,23.97550159,24.0280976,24.21692972,24.11184186,24.05110168,24.02431586,24.04118096,24.09108768,24.65443199,24.9185544,24.7867043,24.87644541,24.43415208,24.08247303,23.7919499
7117,1197.293,23.54648795,23.05160086,22.73464899,22.55468952,22.8314275,22.87064978,22.92723807,23.22885293,23.67835618,23.96733816,24.08028588,24.22289892,24.15137371,23.98752506,24.03556304,23.99188088,24.04465468,24.64966177,24.93105708,24.78665101,24.8661721,24.43650774,24.05181242,23.68727245
974,1708.107,23.50373364,23.05277943,22.74854528,22.5423166,22.82624275,22.8794836,22.96837495,23.20512595,23.63881496,23.97242653,24.07980836,24.21760553,24.11996681,24.028954,23.98745067,23.98577535,24.08478125,24.67114379,24.91243302,24.78302601,24.89243083,24.43082963,24.0478762,23.75437673
8395,527.679,23.48269776,23.03187549,22.7433772,22.55895465,22.82738659,22.86747396,22.92650637,23.19023337,23.64994402,23.96858761,24.07216596,24.18969857,24.13543007,24.09309578,24.01331441,23.97256965,24.08557169,24.68562546,24.90925526,24.80696645,24.83905419,24.41589288,24.04996425,23.67352175
6348,3054.483,23.45937118,23.10795117,22.74297135,22.55000449,22.82040319,22.85681484,22.92497247,23.1602209,23.62163935,23.98066306,24.0714669,24.20399509,24.11343359,24.02797,24.00721826,23.98651641,24.06111494,24.68484024,24.92213047,24.79479906,24.86362055,24.44151276,24.02007586,23.72095752
2769,1220.062,23.50842552,23.00700978,22.71851134,22.55156168,22.85335518,22.86236474,22.86449584,23.17351697,23.74895909,23.94268697,24.07020399,24.2021245,24.14640344,24.07674308,24.01998528,23.97433636,24.06066712,24.67768613,24.92662655,24.77665931,24.88555799,24.42726576,24.02313389,23.71392609
8163,842.988,23.47662387,23.03994466,22.72990251,22.56003178,22.82735926,22.85564453,22.88618054,23.25888686,23.673202,23.98267435,24.0810922,24.21934049,24.12778405,24.03995379,24.01304205,23.98793187,24.05291494,24.64588955,24.91504413,24.81604262,24.86868869,24.45785943,24.03437558,23.71508039
9701,438.362,23.47953847,23.02271653,22.75713516,22.54510452,22.818953,22.84026191,22.94100418,23.19943963,23.51194223,23.97359151,24.09221828,24.20428796,24.13582597,24.02917007,24.00209735,23.96873095,24.09196268,24.71461639,24.93700765,24.82245798,24.89916767,24.43231875,24.02872255,23.66376753
2787,1305.229,23.4815066,23.08056612,22.74430852,22.55251505,22.82365591,22.85644016,22.93263469,23.20481573,23.73054107,23.91674704,24.07604821,24.19534738,24.12428985,24.01968019,24.00695095,23.97818781,24.0621373,24.64669868,24.9204418,24.78943173,24.88903397,24.45592051,24.03291058,23.70197496
499,2004.575,23.52754101,23.06919864,22.73373138,22.54925039,22.8069021,22.83440863,22.98077773,23.20353137,23.7476798,23.96470996,24.06462721,24.19639176,24.11146822,24.02627716,23.99687101,23.98311919,24.04348621,24.65679311,24.91505042,24.79283137,24.85887357,24.45043708,24.04296122,23.72915583
1524,786.592,23.41806549,23.00018217,22.74413407,22.54664615,22.84097055,22.85715782,22.98864946,23.21587673,23.60672293,23.94831884,24.06188668,24.18774938,24.13624934,24.00875178,24.00479359,23.99571909,24.04076488,24.5980716,24.91589011,24.80050489,24.92654359,24.38397313,23.9823546,23.66662145
3829,2443.272,23.46765871,23.20074623,22.79672374,22.58939559,22.87653593,22.83771263,23.0675734,23.27454683,23.66801314,23.98990977,24.02068523,24.15126134,24.08970942,24.02142185,24.01517692,23.93604715,24.04523664,24.55973176,24.93616852,24.83072233,25.03496757,24.38921676,24.023712,23.95322754
3831,207.316,23.47979009,23.00897778,22.74847099,22.5523618,22.81240031,22.84796007,22.90634998,23.24402735,23.68897667,24.00992965,24.0881252,24.18084314,24.11989951,24.06988889,24.00035846,24.02135135,24.05328628,24.61295193,24.89231838,24.80744672,24.85626827,24.42094358,24.02186195,23.70269465
503,1681.818,23.49049241,23.06067083,22.73364856,22.56135628,22.8296617,22.85898727,22.91877981,23.19942033,23.65556447,23.96400637,24.07074774,24.20139583,24.12002006,24.03777123,23.99771412,23.98364363,24.05300643,24.65319878,24.91420805,24.7876118,24.85534668,24.45227473,24.02933651,23.70643578
9971,3898.306,23.58209484,23.2569104,22.75715325,22.56379828,22.8316152,22.89295871,22.96675883,23.18825823,23.63372992,23.97383653,24.08288798,24.20215019,24.13472024,24.0525471,24.00667433,23.9904595,24.05577657,24.6917183,24.9529442,24.77120499,24.8994189,24.44127276,23.98897999,23.69642313
8956,440.596,23.50234416,23.05091434,22.75849804,22.55192101,22.82886042,22.84253498,22.96136388,23.2012876,23.68986935,24.0353081,24.02338385,24.27138414,24.06824254,24.02248742,24.02324638,23.96637375,24.06643326,24.65172656,24.94855417,24.77349985,24.87417659,24.47239378,24.07699616,23.65695283
3577,854.778,23.50334911,23.04474753,22.75439587,22.56559966,22.84610849,22.86154742,22.91525098,23.20984809,23.63257043,23.96953992,24.0620027,24.19264935,24.12005711,24.02679499,24.00613454,23.98765725,24.01701099,24.70553917,24.93004059,24.80345687,24.86168103,24.43383713,24.02365439,23.69474067
6139,1508.155,23.53084625,23.04491068,22.74713315,22.55868717,22.82345541,22.86153161,22.91897935,23.208725,23.64135037,24.046777,24.06786094,24.20595783,24.16864558,24.03794181,24.00672923,23.99538349,24.04701068,24.65137163,24.92599212,24.79026051,24.83872906,24.42461084,24.00981896,23.76253585
9982,1156.676,23.49155284,23.05830742,22.73916336,22.54585873,22.82755807,22.85559285,22.88604482,23.21159578,23.75992223,23.91318257,24.08380077,24.15546176,24.08717457,24.00373517,24.01653575,23.9925241,24.03994043,24.68993543,24.91622704,24.82080589,24.89424126,24.44986237,24.03514329,23.68991966
4601,2007.056,23.51396683,23.0883306,22.74102865,22.5391789,22.83806834,22.84310636,22.92019974,23.20382463,23.65128136,23.97604292,24.07653898,24.22719747,24.13133763,24.04590819,23.99319111,24.0175922,24.08960491,24.62334204,24.91152926,24.79493109,24.86186346,24.46149082,24.02982607,23.6998233
9983,2257.451,23.50900547,23.03828513,22.76261668,22.554215,22.82495124,22.85840358,22.92840053,23.21205373,23.68214181,23.97417968,24.05985988,24.25239265,24.1775471,24.05267188,24.00463912,23.99178789,24.04429159,24.67798374,24.92146237,24.79125189,24.86004215,24.43913489,24.03683009,23.77123323
252,4019.945,23.48258407,23.0264998,22.74750877,22.54978586,22.82749888,22.85692201,22.92213341,23.20596011,23.66204498,23.97192714,24.08576937,24.19085435,24.13011931,24.01992669,24.0162866,24.01750318,24.05280688,24.65533263,24.91007317,24.78445736,24.86033076,24.43603758,24.02826733,23.70149368
2557,1477.901,23.49026417,23.02560919,22.73938048,22.55173488,22.82386539,22.86183411,22.91082284,23.21318934,23.73599345,23.96687574,24.06822955,24.18818612,24.13601675,24.0268993,24.00873936,23.99619571,24.04558039,24.64897098,24.92042171,24.78630621,24.85412943,24.43107087,24.04583891,23.7065037
6910,1766.653,23.46022823,23.07462925,22.74083331,22.54068804,22.83497245,22.84518368,22.91327981,23.19477404,23.59972374,23.92953228,24.07615249,24.20324958,24.11605087,23.98793181,24.12158948,23.98055302,24.02283291,24.66402374,24.9239402,24.79349111,24.88070485,24.42913493,24.02987854,23.69643847
7166,3149.481,23.50742246,23.1784456,22.73873105,22.55214571,22.83443407,22.87028925,22.88505105,23.18872526,23.6679093,23.99982665,24.06739549,24.2054846,24.09761935,24.03493695,24.02316636,23.98298004,24.04773615,24.65418354,24.93249212,24.79673726,24.86910855,24.41378826,24.05954855,23.75601873
1790,2433.288,23.4918631,23.05822707,22.7340873,22.53813608,22.82861292,22.86411891,22.94157714,23.20930557,23.68582201,23.96720697,24.07101034,24.2152265,24.10347846,24.03843573,24.00056437,23.97650668,24.04116619,24.67755884,24.9197442,24.76099967,24.84830625,24.43688447,24.03262677,23.70793658
2814,1795.764,23.49266801,23.04762411,22.74340082,22.55404689,22.83001688,22.87840796,22.89101735,23.23086004,23.67290634,23.95483104,24.07088964,24.22526897,24.1067623,24.0394271,23.99229537,23.96014423,24.0367967,24.68128044,24.92245963,24.77955387,24.90850633,24.42425858,24.06792064,23.66992737
4342,1090.842,23.49560327,23.00456337,22.75330008,22.55322313,22.82650105,22.83895783,22.90667047,23.24181298,23.66920391,23.9823123,24.06788668,24.22025987,24.07748345,24.07362748,24.01069818,23.98353577,24.04593651,24.62857298,24.91654021,24.80267034,24.9003971,24.48263412,24.061289,23.72627273
2034,1439.168,23.50631702,23.03679871,22.72931387,22.51747031,22.83131608,22.87469469,22.94349777,23.27816525,23.68688725,23.97197396,24.07304413,24.18247139,24.09437152,24.01588477,24.01475144,23.97173338,24.05151932,24.65058834,24.93266701,24.78461934,24.8389967,24.45561307,24.06602587,23.75368359
2018,2523.306,23.50297424,23.06452862,22.7353624,22.5561953,22.83095636,22.86904654,22.9952807,23.22977301,23.76158896,23.92822778,24.06152328,24.2283764,24.09770222,24.05856073,23.98989208,23.9628213,24.12801186,24.66082884,24.92412793,24.76444339,24.85491013,24.44188108,24.04901137,23.73126011
9462,2837.178,23.49194473,23.08190082,22.74709539,22.55780071,22.84006124,22.85192688,22.95007034,23.23599116,23.64713817,23.97216697,24.06225446,24.20090297,24.12116554,24.02647426,24.00634073,23.97934915,24.05741855,24.6599833,24.90980643,24.78511548,24.84487046,24.43622416,24.0379109,23.79077845
483,1220.482,23.52393365,23.01248897,22.73832566,22.54739371,22.81491854,22.83568532,22.9110703,23.21391328,23.65388802,23.97507365,24.04711434,24.22862421,24.14340758,24.00727851,24.01472521,24.00968755,24.08117114,24.70125113,24.90868942,24.79200383,24.886685,24.43812561,24.03021578,23.69369546
1507,4815.778,23.48963756,23.06065352,22.74316382,22.55376361,22.81791893,22.86351325,22.85612632,23.2011763,23.64363683,23.97688601,24.05985679,24.20446897,24.12300721,24.0312621,24.01824421,23.98076147,24.04059697,24.64082794,24.91931973,24.79099836,24.86346631,24.47411352,24.0224688,23.70794445
484,1451.65,23.49168374,23.04145986,22.74481395,22.54994492,22.82542814,22.84708656,22.91980088,23.19363067,23.64795613,23.98199824,24.08389713,24.2062769,24.12148482,24.03878744,23.99965545,23.962295,24.07403704,24.66809229,24.91985026,24.78961517,24.86027405,24.42095307,24.03045488,23.71449969
6887,982.39,23.50787517,23.10015266,22.7593842,22.55743062,22.82599905,22.83919791,22.89369218,23.21556529,23.65700019,23.97775942,24.088319,24.21038268,24.11406919,24.02124551,24.02959175,23.99574774,24.05506711,24.62404665,24.9230723,24.79068771,24.89449911,24.44051304,24.04404169,23.67538058
2532,1344.479,23.47139974,23.0443636,22.75984718,22.56106833,22.8222527,22.90673932,22.92283274,23.13204973,23.69089868,23.97802793,24.0952925,24.21167097,24.20516254,24.04035539,23.98723921,24.09338412,24.07778924,24.78832114,24.95707061,24.78453064,24.84848787,24.45017807,24.00634766,23.71764452
3044,2482.65,23.50963983,23.03882008,22.74208394,22.55070762,22.82842686,22.83562939,22.88983774,23.2135963,23.6621351,23.95989474,24.07393532,24.20485373,24.11945288,24.03678057,23.99561971,23.96240687,24.05010291,24.65946962,24.92428613,24.78883649,24.86110258,24.46119001,24.05458524,23.69866628
1766,1795.508,23.4715619,23.02548256,22.73857868,22.55206378,22.8330832,22.82528677,22.98343535,23.184659,23.70007207,23.98208416,24.10427506,24.18996709,24.11692714,24.06965987,24.01833478,24.05460865,24.06213642,24.77185961,24.87494349,24.83132025,24.92329951,24.43423731,24.05482817,23.67707562
8419,2984.303,23.5682481,22.99068785,22.81760709,22.53742748,22.87633096,22.88736213,22.90528569,23.13427455,23.7120319,23.99128897,24.07763233,24.22632364,24.16311969,23.99965702,23.99537548,23.98537401,24.09542278,24.68123217,24.94114066,24.81659403,24.79094029,24.45785092,24.06221239,23.78594144
744,974.029,23.49848838,23.04848001,22.74071166,22.55153182,22.82798611,22.84200956,22.92275299,23.19238181,23.5902781,23.96633994,24.07738298,24.21752237,24.11710377,24.02861496,24.01189941,23.9967205,24.07217301,24.6440934,24.91356098,24.80560092,24.84426792,24.46794772,24.02708846,23.677287
490,2167.825,23.52553442,22.98441994,22.73241138,22.55787605,22.81813463,22.85402096,22.88355885,23.24204974,23.76769991,23.90651477,24.07280616,24.19041564,24.13265587,24.04828777,23.99538572,23.99571889,24.06475301,24.65681285,24.90850344,24.80775684,24.89405313,24.43873108,24.01957347,23.759532
6888,1112.639,23.49876786,23.04574856,22.74372011,22.55112782,22.83256671,22.86128063,22.91514056,23.2050547,23.74239988,23.94589925,24.07491793,24.20260642,24.10718335,24.00911883,24.00524428,23.99464521,24.05615101,24.66570077,24.92504537,24.78670661,24.82432744,24.47589609,24.03418131,23.6977563
6121,1473.707,23.49656088,23.055517,22.73661669,22.55670968,22.80087998,22.81480102,22.99155795,23.19636346,23.67307272,23.97102003,24.06652261,24.25318548,24.05791155,24.06078639,24.06985534,24.05134252,24.06049199,24.60880908,24.95665012,24.7838361,24.79260217,24.4239039,23.9959708,23.81649924
4590,2076.294,23.4943656,23.01218552,22.72289616,22.58253238,22.84942422,22.85661022,22.94710494,23.23885644,23.70493351,23.9698095,24.04596911,24.20797737,24.10271641,24.02952724,23.99875032,23.98536651,24.06096189,24.64032191,24.93915456,24.78317356,24.86107817,24.49335026,24.01744917,23.8195478
3310,1511.527,23.49342147,23.15969331,22.74463959,22.54994117,22.82550482,22.84231665,22.95107878,23.18700542,23.64831374,23.98931465,24.06218838,24.22325947,24.12242383,24.00911139,24.04051605,23.95061006,24.0527351,24.67102185,24.92480309,24.78484775,24.83654615,24.437599,24.04262819,23.6398523
6643,669.187,23.51287931,23.06689158,22.74575502,22.55730525,22.83182439,22.86468117,22.8626763,23.21163775,23.63365736,23.96059035,24.07575015,24.20213304,24.10889193,24.02661568,23.99568983,23.94841553,24.01226344,24.66526255,24.89407877,24.77234165,24.84256227,24.43644607,24.0372157,23.70494777
4336,249.657,23.52549894,23.01140966,22.74961225,22.54849241,22.8181686,22.84775255,22.90164669,23.17620315,23.62128215,24.00311566,24.07168336,24.22735325,24.12445488,24.00159451,24.01146269,23.9621894,24.05044578,24.69374128,24.91043943,24.79430046,24.87991465,24.42391603,24.0121466,23.65978929
3268,701.474,23.51306669,23.05873366,22.75525158,22.55151142,22.82715155,22.86374127,22.92158274,23.33277899,23.73101595,23.82421158,24.07889061,24.24259324,24.15413279,24.03502749,24.00227238,24.02221943,24.18236215,24.6814702,24.92140656,24.80456799,24.85291009,24.40758213,24.03442892,23.716767
1731,1314.895,23.47334418,22.9800428,22.74718613,22.54732264,22.8262071,22.85684978,22.93123728,23.2040031,23.65403961,23.96200937,24.06173691,24.20376303,24.09832339,24.06388433,24.00400075,23.95903755,24.07420307,24.63193721,24.91769603,24.7834385,24.87531015,24.42604566,24.03373473,23.69451406
9926,1576.231,23.49524767,23.07672632,22.74372615,22.55269506,22.831673,22.86680085,22.91198458,23.24144216,23.63182671,23.96648185,24.06874233,24.20134278,24.11283868,24.03335516,24.0056392,23.98269346,24.06266355,24.65928661,24.92339997,24.7882802,24.84455873,24.45946015,24.02872898,23.68800506
2965,1334.583,23.49863707,23.0392249,22.7424828,22.56060717,22.83457199,22.87285743,22.94378324,23.20860862,23.64062137,23.95211688,24.06454035,24.23992048,24.13576768,24.04963943,24.01734297,23.97937538,24.06429302,24.7048845,24.90459544,24.78181497,24.88000327,24.43841535,24.04145006,23.67817211
661,944.927,23.5098547,23.07131271,22.74929239,22.56256142,22.83949079,22.85802928,22.91668485,23.22216657,23.6721678,23.91712874,24.06104749,24.20865943,24.11825473,24.01513491,24.02371439,23.99230697,24.04619926,24.6703305,24.92080475,24.78093597,24.86248734,24.45883832,24.04590433,23.68913512
8086,1015.132,23.48637245,23.03109474,22.73770615,22.55119714,22.83173943,22.85574504,22.91306985,23.20410717,23.65193046,23.96425542,24.08724717,24.20214112,24.12272693,24.01974581,24.02508361,23.98914312,24.04872155,24.68822497,24.91327796,24.79418863,24.86697601,24.42912428,24.05295959,23.70537362
2199,1067.415,23.46178028,23.07381231,22.71944117,22.5460006,22.8253624,22.85251952,22.96394608,23.25492236,23.69063676,24.00911556,24.08178641,24.22624666,24.12218318,24.03688905,23.99442853,23.99075121,24.07740063,24.68208115,24.89127588,24.82886401,24.86309466,24.41525714,24.04989589,23.62758247
2710,7030.971,23.42170584,23.16074085,22.75810407,22.53403069,22.8347861,22.87784297,22.94936825,23.23514834,23.64811246,23.91760464,24.06993212,24.24790037,24.12284195,24.07836151,23.99124178,23.98457813,24.05123374,24.69517652,24.92443691,24.80162899,24.78849868,24.41721675,24.0585215,23.69464566
9875,625.44,23.49973025,23.09540287,22.75005208,22.56983637,22.81724895,22.84579832,22.89484992,23.23529234,23.62171094,23.95421868,24.06495189,24.18165544,24.10588284,24.03814927,23.99900183,24.01639733,24.06164366,24.67160388,24.94180354,24.80790803,24.88332712,24.40301667,24.05618437,23.6585888
8084,1177.304,23.4813964,23.09120986,22.74002704,22.56048954,22.8246855,22.83898803,22.87447525,23.1826225,23.71682731,23.96497711,24.06777893,24.21394346,24.13924498,24.03065237,23.99581576,23.99689342,24.07908985,24.65319004,24.90142385,24.78878092,24.84697373,24.4383901,24.04162076,23.705007
3736,1293.721,23.49510966,23.02982884,22.74092925,22.5522942,22.82720407,22.86120239,22.96195853,23.12179,23.66653704,23.95005814,24.09088225,24.20656112,24.12962142,24.02823503,24.004317,23.98296459,24.01179529,24.63510316,24.91210817,24.79279408,24.88690441,24.43638357,24.05392249,23.54733
8862,271.998,23.48829307,22.95418515,22.68588562,22.57550668,22.81752499,22.85995416,22.94643915,23.21325577,23.47251642,23.96576365,24.05977226,24.20789657,24.06268634,24.03106372,24.01012447,23.94915987,24.04967691,24.70910681,24.91910965,24.80712415,24.80334456,24.49083868,24.07652465,23.70662355
4505,708.236,23.47113311,23.04813033,22.74720525,22.55422534,22.83283879,22.8465092,22.90328029,23.2152515,23.65706817,23.96582705,24.0746088,24.19997014,24.10526316,24.02579973,23.99406331,23.98832235,24.0421332,24.65777996,24.92037488,24.79118698,24.85413846,24.45168629,24.0250456,23.71959308
3482,615.654,23.4669559,23.03422662,22.74152978,22.55297693,22.83621514,22.88430039,22.9070531,23.21668007,23.6884015,24.00682403,24.08261662,24.21520106,24.12952606,24.03554626,24.00575019,23.98028442,24.0682352,24.59654527,24.92675542,24.80823608,24.88057369,24.46610202,24.01232792,23.73459943
668,871.847,23.48789329,23.06167642,22.7414764,22.54245062,22.85801489,22.84324786,22.92966015,23.21761052,23.63093575,23.95428449,24.07520978,24.21240293,24.1045684,24.02576443,23.99990689,23.9803756,24.02983537,24.65368812,24.92383452,24.73283162,24.82880767,24.42498362,24.02678022,23.68181709
8857,881.221,23.49669716,23.05736185,22.74091246,22.54984758,22.82243837,22.848379,22.96301904,23.2132521,23.65714683,23.96858434,24.06094315,24.19790718,24.13633416,24.02211199,24.00165572,23.97265033,24.05625737,24.65055062,24.91621699,24.77939302,24.84736035,24.44916202,24.02620681,23.71556323
4767,2937.426,23.52150908,23.04663204,22.74087207,22.55205653,22.82688504,22.85884874,22.92257729,23.22724373,23.65836001,23.96372796,24.07543597,24.17576253,24.13338149,24.0254689,24.00835554,23.98421643,24.01336384,24.71139493,24.93110021,24.78852603,24.83140317,24.4386904,24.03453822,23.70581046
4514,984.068,23.49359588,23.02375717,22.76247774,22.56555195,22.83856796,22.89294253,22.95498993,23.23629363,23.68060467,23.9477347,24.04273287,24.20978631,24.09641043,24.02722014,23.99197632,23.98643757,24.05862073,24.64582864,24.90712978,24.76585624,24.8574116,24.49169985,24.04461957,23.68150505
1696,3015.287,23.50446136,23.04220819,22.73971788,22.55266514,22.83823,22.85535688,22.93289513,23.21397316,23.65220755,23.97492814,24.07562765,24.22134584,24.1227894,24.03511607,24.02084462,23.99612203,24.06877096,24.66950805,24.90359595,24.78691439,24.88574574,24.43791796,24.04782504,23.71830089
1697,1313.23,23.49264626,23.03608588,22.74066592,22.55201839,22.82773575,22.85534704,22.91711579,23.21737209,23.66291502,23.97457182,24.06922845,24.20177305,24.11844529,24.03824315,24.00255654,23.9810372,24.04537128,24.65606151,24.91654882,24.78935323,24.83805331,24.45225146,24.03692746,23.70626935
3221,1110.557,23.48613618,23.08863004,22.73722807,22.56235566,22.82775046,22.86012587,22.8798938,23.20621339,23.62755545,23.95911289,24.0658646,24.20028261,24.12566732,24.03269829,24.00745363,23.9904838,24.065653,24.67487656,24.91939387,24.78763919,24.85606622,24.48343087,24.0366307,23.70767173
8342,747.067,23.4858454,23.04246474,22.74758995,22.56054566,22.83300904,22.83973172,22.99022232,23.18761267,23.63347428,24.00024996,24.07242838,24.27461674,24.11679383,24.08137756,23.97315798,23.99779362,24.04575152,24.64717194,24.92819436,24.80463903,24.8959762,24.42289916,24.01495502,23.66542092
1700,4102.326,23.49200396,23.18267157,22.7332289,22.55397689,22.82708455,22.89036234,22.94163276,23.21044472,23.65455693,23.98429562,24.06644949,24.22360051,24.1339019,24.0137468,23.99323517,23.96707642,24.03419848,24.66086807,24.92856973,24.78606177,24.8565981,24.49950465,24.03250212,23.64758345
1169,960.41,23.49006481,23.08603279,22.74949114,22.55291153,22.81891631,22.84875895,22.93238334,23.22778193,23.69984371,23.9207174,24.07898077,24.20582253,24.13566021,24.02957901,24.01121573,23.98587679,24.06040886,24.66913101,24.93399122,24.79665496,24.86105432,24.44445216,24.02331662,23.75532561
3456,890.913,23.51820854,23.03325876,22.72032342,22.56585446,22.81531921,22.84624022,22.96083925,23.19213659,23.72594667,23.9143892,24.09619116,24.19860632,24.09496222,24.04364345,24.01154912,23.96918077,24.02017688,24.67672542,24.92244769,24.73720128,24.80762358,24.49437244,24.03778515,23.68530546
9605,605.193,23.49346371,22.98659402,22.81335334,22.57082168,22.8076188,22.84015639,22.94688956,23.24428419,23.68224191,23.95811743,24.09127183,24.19899666,24.15660353,24.12049588,24.02181854,23.98647167,24.03939335,24.61229386,24.92477813,24.75244814,24.87951468,24.44611595,24.06121955,23.67925246
4998,1410.097,23.48927545,23.0188168,22.74130413,22.57107506,22.79480918,22.87692895,22.92525463,23.21703012,23.673427,23.98474193,24.03533558,24.22929064,24.12538904,24.05925052,24.02230417,24.00702517,24.0535958,24.74887927,24.928503,24.79137551,24.89579289,24.44800944,24.04710577,23.66680302
3719,1209.52,23.52309731,22.99330746,22.73001935,22.59163938,22.79361939,22.85761996,22.92437444,23.26152139,23.62528389,23.98804375,24.0999473,24.26454998,24.21704922,24.06823394,24.03009558,23.96757603,24.08796356,24.66973935,24.90360591,24.77755039,24.90989981,24.46665852,24.04120833,23.72563612
1415,1006.852,23.60192302,23.05916923,22.73494524,22.56102296,22.83340157,22.86345359,22.96157527,23.17863641,23.69301581,24.029773,24.06560665,24.19500279,24.15482207,24.03531781,24.00831302,23.97443832,24.14224311,24.63709168,24.92944289,24.81291662,24.81683343,24.42637364,24.03336182,23.66424873
2953,655.178,23.47169112,23.05099618,22.72669988,22.55495039,22.86904966,22.81539982,22.92174356,23.21870222,23.68964651,23.96587013,24.09954009,24.1524913,24.09044371,24.05518958,24.00092987,23.95441485,24.03087602,24.64456425,24.96596384,24.79249828,24.81668872,24.4674035,24.03886709,23.68711226
9356,6357.2,23.53701817,23.03760352,22.67698983,22.55389818,22.8310571,22.85630498,23.11582927,23.25741099,23.87575389,23.95156837,24.06361212,24.20120424,24.08165847,24.01697806,24.014903,23.98613562,24.07131767,24.68973637,24.94193858,24.7868155,24.8867518,24.40918485,24.03655297,23.70745928
8589,1852.915,23.48845986,23.10972864,22.73602333,22.56134047,22.82257758,22.8416065,22.88359117,23.19325209,23.67356684,23.9689355,24.07298897,24.22725221,24.13653675,24.02426723,24.00177369,23.98036479,24.04860311,24.65750762,24.90073195,24.78520721,24.84475257,24.43715108,24.01945289,23.68797274
9613,645.64,23.42609548,23.0206632,22.7373879,22.55617484,22.83260366,22.87318938,22.92069201,23.22979418,23.67175941,23.98856773,24.07984121,24.21921109,24.10603804,24.02639316,23.9900364,23.95198383,24.06875917,24.67732891,24.9369798,24.78076448,24.88470707,24.4512003,24.02502493,23.70035149
3723,1515.415,23.50795131,23.10980897,22.74193921,22.55285396,22.82218334,22.85317318,22.91751171,23.20386589,23.65196482,23.96572363,24.06375548,24.22312146,24.11736501,24.04105119,24.00098608,24.00211684,24.05614907,24.65781234,24.91607295,24.78441909,24.84559331,24.44048839,24.04322423,23.72015772
7560,1719.754,23.49110244,23.0340058,22.73888128,22.55166767,22.82461015,22.83152235,22.88902785,23.1630212,23.6717265,23.97873145,24.08423917,24.18927649,24.11423328,24.01933307,24.00185434,23.96636218,24.07438186,24.63721624,24.93547219,24.78371361,24.81588835,24.43489891,24.03140653,23.7017588
6799,6914.234,23.50515964,23.03526649,22.74006515,22.55478196,22.82604257,22.84638562,22.91683873,23.21429957,23.6574577,23.97219576,24.06954291,24.25057386,24.10833506,24.03046345,23.99895463,23.9748797,24.05386673,24.65828017,24.91990757,24.78664183,24.85234986,24.43861265,24.04476583,23.69966858
8079,2561.759,23.50460118,23.04976529,22.74482536,22.55033929,22.82224033,22.86006227,22.8748233,23.21327439,23.6452512,23.9716958,24.09011473,24.21281465,24.11899853,24.06850871,24.00438837,23.96906097,24.05525924,24.65713956,24.92295546,24.78205985,24.86197353,24.44346679,24.0365225,23.66859223
4495,214.221,23.49487798,23.04131915,22.74057216,22.56635849,22.82724557,22.85549388,22.92285056,23.25369948,23.65185911,23.9961302,24.05676413,24.20910848,24.11824686,24.03043502,24.0041072,23.98073719,24.11542999,24.64637736,24.81911823,24.78665032,24.86370832,24.47761219,24.03496692,23.76886656
9609,2199.781,23.46637825,23.06933382,22.73554936,22.5576299,22.82238416,22.84825253,22.91802491,23.21893288,23.68395588,23.99411248,24.07702633,24.20907382,24.12527001,24.0346114,23.99003482,23.98034486,24.0585553,24.6583068,24.91221055,24.77997622,24.87861477,24.43036105,24.03673217,23.70094332
2449,950.211,23.49767579,23.09654445,22.74132368,22.5688872,22.84217015,22.83641744,22.97352698,23.18116606,23.76062873,23.96458474,24.0478495,24.25018397,24.11036702,24.03799109,23.99476278,23.98262268,24.06659144,24.65140514,24.9083741,24.8058286,24.86696148,24.47231402,24.01636667,23.56505373
4499,962.556,23.49665652,23.00633394,22.73578704,22.56110363,22.80483722,22.82561043,22.97117939,23.19952142,23.64090169,23.99546024,24.05753473,24.23476691,24.10449488,24.05717919,24.01341402,24.00966705,24.05273974,24.71076062,24.94814472,24.79633122,24.82265576,24.43326104,24.03817728,23.70748386
1953,721.673,23.53114428,23.03769585,22.73909221,22.55783612,22.81855331,22.92175776,23.03839596,23.22382229,23.68441347,23.94761785,24.05903621,24.21729134,24.11006867,24.06839272,24.00590947,23.96762451,24.0766829,24.67035726,24.91482718,24.78026057,24.86035728,24.40625608,24.03882823,23.67014798
9121,1032.374,23.47464254,23.0008236,22.74460617,22.57526435,22.80778676,22.8578232,22.95550691,23.2431247,23.62617191,24.00108126,24.07345086,24.21372441,24.11639885,24.06125787,23.99765007,23.96160545,24.07919101,24.64376549,24.92081191,24.78940282,24.84125462,24.43033086,24.02850125,23.77188717
7361,1558.04,23.51900001,23.13226486,22.71450966,22.55440224,22.83480027,22.84460153,22.89715449,23.28671952,23.66727408,23.96429533,24.06816641,24.2054598,24.15220127,24.03126821,24.05238838,23.98438144,24.04053438,24.66083655,24.92694217,24.78879704,24.89699214,24.47143973,24.03631744,23.69697415
9654,264.674,23.50441608,23.02123893,22.73458656,22.56888864,22.81052084,22.8709702,22.92993143,23.15691394,23.73197182,23.96536249,24.068726,24.20942648,24.16538068,23.99305174,24.03558347,23.95332027,24.04923611,24.70526948,24.91787926,24.77171203,24.74348935,24.48290191,24.04009584,23.80292563
3506,1431.565,23.52078524,23.09385304,22.75206263,22.55264509,22.83380895,22.84034344,22.94877325,23.24411803,23.71981619,23.94973351,24.07664774,24.2121784,24.12627142,24.06387737,24.0225051,23.97993196,24.05755954,24.65327857,24.92045052,24.77442697,24.84849009,24.42565351,24.04238424,23.73081919
8368,1159.134,23.52601325,23.05287869,22.73586776,22.55339953,22.82489315,22.84301135,22.9144908,23.21262249,23.64708166,23.9750986,24.06119586,24.20743361,24.15378649,24.04235401,23.98360511,23.96855832,24.05619595,24.69506824,24.90785753,24.78763603,24.83859119,24.4390467,24.00266009,23.73721352
8626,2370.628,23.48705921,23.0431272,22.73391445,22.57217593,22.85845298,22.8519981,22.91655327,23.21061753,23.70998119,23.96722566,24.0698268,24.29518719,24.18478949,23.9820785,23.99479147,23.98203177,24.04283615,24.65930981,24.96311586,24.78132263,24.89056464,24.43138547,23.98679385,23.71019372
1718,2571.656,23.46029683,23.17780046,22.73544238,22.56777451,22.8434341,22.8443772,22.92875749,23.22502596,23.67316911,23.97156882,24.08781374,24.23055366,24.08392483,24.00922856,24.03020946,23.95070312,24.04050668,24.69027588,24.91828259,24.77383603,24.84431544,24.43953912,24.04725125,23.77173972
2742,808.659,23.48497371,23.0486318,22.75925072,22.53750521,22.81107176,22.85757524,22.92859716,23.20376489,23.64750822,23.97890177,24.04504956,24.22167542,24.13596541,24.03653071,24.01143932,23.97437711,24.040007,24.6616213,24.92317193,24.80011426,24.8521022,24.43379522,24.02961803,23.73089579
1463,555.733,23.52822911,23.04370141,22.71691403,22.54544299,22.82350583,22.83320779,22.94469969,23.24306284,23.66393734,23.91631767,24.05324155,24.18018792,24.17023213,24.09744198,23.96061571,23.94839379,24.07898955,24.70078194,24.90744104,24.80982832,24.86683383,24.47809418,24.0536972,23.6704389
2233,1265.24,23.48301416,23.04265658,22.74559867,22.55470124,22.84568412,22.85437663,22.93009104,23.21526947,23.65822647,23.98163895,24.06912594,24.21624306,24.11445525,24.03959305,24.01907375,23.99747577,24.04424711,24.67886225,24.90631369,24.78974434,24.86835202,24.43864808,24.02001634,23.69787876
187,1328.991,23.48976826,23.02821051,22.7417776,22.55702831,22.83002926,22.85303605,22.92432082,23.205021,23.65214633,23.97570664,24.07141566,24.20691221,24.12196911,24.02993617,24.00452088,23.98458722,24.04502287,24.66019484,24.9173083,24.78307685,24.86118325,24.43922205,24.03230251,23.6892159
9912,1412.007,23.49263485,23.01420144,22.75521744,22.61568954,22.76001237,22.95533307,23.0837179,23.22898523,23.83451808,24.04993527,24.03572312,24.22547833,24.17624281,24.0521895,24.10056273,23.92613492,24.07113079,24.70695524,24.91669874,24.83521881,24.939295,24.48184967,24.02791036,23.7022625
4031,739.921,23.50566913,23.02847697,22.75299538,22.54845839,22.83338887,22.86215737,22.93956366,23.2021647,23.6383545,23.91081658,24.0745257,24.19588047,24.11613668,24.02469467,23.99298857,23.98281014,24.05518059,24.66426782,24.95347419,24.78117396,24.86514876,24.43652397,24.0503682,23.69961028
9915,1158.46,23.50281998,23.04736517,22.73745991,22.55340153,22.82727776,22.80562819,22.90829155,23.20520138,23.61373629,23.94212367,24.00559906,24.16306337,24.17402692,24.00195267,23.97860261,23.98393936,24.05493818,24.66072661,24.93545673,24.77238288,24.85787377,24.43876895,24.03450285,23.68717428
3009,969.647,23.46469536,23.01629466,22.71800047,22.55699658,22.80574344,22.86024648,22.93509364,23.21165977,23.66186562,23.94292321,24.0658533,24.2172158,24.1226712,24.04729268,24.03278433,23.98457869,24.09178514,24.63003096,24.91193604,24.7941527,24.85801379,24.44898519,24.03771715,23.72404401
9156,700.18,23.51421995,23.04178905,22.76219267,22.53893201,22.8030385,22.85299814,22.91435839,23.21193281,23.65720853,23.96197603,24.06974947,24.17929741,24.11431387,23.9919423,24.01095733,23.97216057,24.02707869,24.68536377,24.92429101,24.78400169,24.85117671,24.42250489,24.04201331,23.69249871
7875,2078.704,23.52094601,23.24751788,22.73007641,22.55867161,22.83321929,22.89169757,22.98250063,23.11408424,23.65357722,23.95757906,24.07862864,24.13987213,24.10347317,24.07508903,23.98712968,24.07870956,24.01482264,24.62712011,24.91096542,24.78532736,24.78522897,24.50319636,24.03293103,23.5765886
8645,272.042,23.48852529,23.02206299,22.75260517,22.55599774,22.81722222,22.85179972,22.93338416,23.215523,23.69007177,23.98357125,24.0467084,24.21018325,24.1033952,24.01442823,23.98970149,23.99483459,24.06704266,24.69653947,24.9425961,24.79504586,24.85578795,24.4575041,24.05076613,23.71501566
6593,1156.565,23.50525653,23.06920743,22.76296501,22.56158277,22.83731634,22.84654833,22.96515627,23.18622245,23.61292575,23.94865234,24.0829696,24.19129968,24.10269409,24.00952817,24.01502516,23.99093795,24.05154961,24.63602616,24.91221609,24.77073221,24.87259877,24.43010209,24.03309258,23.72030844
2755,1563.224,23.46842768,23.08353706,22.74917946,22.55465243,22.83203685,22.86262069,22.95245416,23.28145852,23.62283036,23.96891015,24.11884966,24.13692987,24.08426839,24.09715391,24.00559883,24.00624303,24.05747428,24.66777976,24.91930683,24.77755088,24.83212171,24.42527355,24.06161604,23.74500826
1714,1990.147,23.58875893,23.04196773,22.73893172,22.55248218,22.82744406,22.85356688,22.92201533,23.20758537,23.65825096,23.96333138,24.06885795,24.19664578,24.12748466,24.03078934,24.00187919,23.98175686,24.04940239,24.65642353,24.91857034,24.78678188,24.85861895,24.37247503,24.03478304,23.69759239
1202,2321.313,23.44396789,23.02873299,22.73737611,22.5471271,22.82076999,22.85005451,22.91073017,23.20980777,23.66347238,23.97710045,24.07840861,24.09365191,24.12801117,24.01807005,24.03413906,24.01312194,24.0485521,24.6624859,24.90935928,24.79968561,24.8591546,24.46990846,24.00903911,23.65913085
2980,1002.725,23.48921151,23.09065784,22.73431801,22.57641271,22.79572668,22.87904896,22.93206874,23.19569309,23.67712341,23.97799452,24.07039344,24.19683395,24.1184225,24.06561356,24.08407899,23.98801554,24.06388316,24.69335576,24.90162793,24.79236152,24.84906581,24.43431353,24.04902073,23.72728263
9142,434.14,23.45830671,22.99986772,22.75498104,22.54989615,22.85688302,22.82281216,22.95633096,23.20436939,23.71449842,23.99554361,24.08291857,24.19834698,24.10582208,24.01169257,24.02049416,23.95865164,24.06810036,24.72248307,24.96158059,24.73586025,24.78305197,24.42974273,24.01983638,23.67436725
4773,1286.039,23.49996882,23.05537304,22.75809117,22.54060548,22.82079889,22.86048238,22.92880076,23.20394982,23.63424876,23.96355813,24.07596375,24.20918078,24.11402472,24.04024099,24.0122064,23.97805075,24.06452338,24.65165747,24.90639499,24.7868352,24.88540034,24.44323424,24.03330185,23.72524278
1192,869.883,23.46416765,23.05315748,22.74252164,22.55622709,22.85616211,22.87328014,22.87292945,23.17909598,23.6397096,23.98598773,24.06999074,24.20431152,24.11668123,24.04847124,23.99748536,23.97603231,24.06597432,24.65262345,24.89947709,24.80450532,24.8537568,24.45813061,24.04279249,23.68923999
2472,1098.478,23.54999947,23.05070513,22.74110425,22.55272231,22.82740354,22.85322495,22.92501383,23.23973053,23.66056609,23.96802078,24.07358398,24.21293648,24.09646046,24.03603508,24.06549235,23.9919545,24.04798945,24.67620748,24.90743021,24.77967217,24.88127473,24.44072845,24.03239424,23.75113068
7850,1266.377,23.49276265,22.99534681,22.7657929,22.5640251,22.84097501,22.87243158,22.97136,23.18965077,23.59419029,24.0145279,24.06663987,24.25664344,24.17392704,24.04119641,24.00779239,23.9748766,24.04225131,24.62144371,24.90385705,24.83819064,24.92095687,24.44657479,24.0074552,23.67765696
8622,479.976,23.50676596,23.05191548,22.73069507,22.55914651,22.80984615,22.88358771,22.90095586,23.24671832,23.62089595,23.94455162,24.08515541,24.21709543,24.13858293,24.01535526,23.99252522,23.99598994,24.02505934,24.67133814,24.90220366,24.81042939,24.79470778,24.4820556,24.03373305,23.69203423
9134,2152.236,23.48889054,23.03937803,22.74386642,22.55309696,22.82455766,22.85162028,22.92360715,23.20940053,23.64632154,23.9704035,24.07245772,24.23548863,24.16702928,24.03243191,24.01012902,24.02046393,24.03942985,24.678213,24.9059843,24.78400479,24.84741096,24.44980161,24.03611316,23.69944117
1450,905.95,23.50730411,23.04950749,22.76222749,22.5552488,22.87289988,22.83563835,22.95195707,23.26279964,23.65464784,23.98051,24.0645875,24.24513946,24.17594012,24.05495004,24.01102757,23.99973105,24.03692273,24.66651791,24.92143276,24.79727348,24.858203,24.43830188,24.03849888,23.7031568
171,879.952,23.51176671,23.02361029,22.73700153,22.53241567,22.81659537,22.84349039,22.83603413,23.22635889,23.66486421,23.96365422,24.06619076,24.21416225,24.10336623,24.07258202,24.00534353,24.0089074,24.05104798,24.6279183,24.90884309,24.7792573,24.87512043,24.42892197,24.03417145,23.74823739
2986,644.165,23.51728053,23.12785476,22.72699617,22.58540018,22.79600786,22.86243826,22.90461337,23.2147207,23.67548921,23.98011007,24.05730352,24.21043494,24.12904088,24.04443042,24.00423692,23.96254947,24.06458339,24.63675171,24.93119655,24.79626234,24.90514361,24.42150855,24.03549419,23.74052589
9647,2877.204,23.48477488,23.05838751,22.74157516,22.55782665,22.82834226,22.85308388,22.93125626,23.21585403,23.65244225,23.96834595,24.06596295,24.19985601,24.11684335,24.08082786,23.98299402,23.97019894,24.05522423,24.6575378,24.92024019,24.78007847,24.84517359,24.43409553,24.03625633,23.7015092
3500,3385.3,23.50817356,23.10004603,22.74149215,22.55402191,22.82441103,22.85626286,22.92558772,23.21050109,23.67207293,23.98252884,24.06788584,24.18078874,24.14195555,24.04736436,24.00067395,23.99440894,24.0475392,24.66437874,24.91886142,24.78779924,24.86067002,24.43713688,24.04992312,23.707277
6063,870.365,23.49400193,23.05972133,22.75013139,22.54210735,22.81453381,22.85457985,22.94054578,23.20638373,23.64483878,23.98418823,24.0572377,24.18964228,24.12636518,24.03929408,24.01772772,23.93612336,24.02320267,24.69912243,24.92907966,24.79684834,24.9263876,24.44364486,24.04659589,23.73386404
6061,1494.937,23.4730046,23.06985015,22.74311124,22.5554189,22.82275133,22.84723095,22.93270391,23.21145493,23.61109242,23.99163508,24.06557211,24.21499669,24.1206439,24.00298458,24.00951463,23.98305831,24.04914065,24.63995675,24.91859572,24.77550577,24.85608242,24.42379065,24.03615506,23.70049723
6578,1173.181,23.50142355,23.04352124,22.74097033,22.56171707,22.8301617,22.86563996,22.94748468,23.19689183,23.6744286,24.02489103,24.06331637,24.18477342,24.13135544,23.96702122,24.05596425,23.98002124,24.07040693,24.63854164,24.92445457,24.75455252,24.87439304,24.44942721,24.02133476,23.79651911
9141,640.837,23.45946547,22.98435134,22.73537493,22.55468339,22.86617429,22.85589942,22.93015117,23.22113286,23.60373809,23.97714955,24.08405511,24.2222161,24.09995533,24.07602116,24.01031696,23.98545767,24.04925099,24.65978293,24.92561631,24.79424275,24.87513131,24.4422705,24.03287616,23.68199274
434,1755.31,23.52430671,23.02902751,22.74910271,22.55733169,22.82894268,22.87778875,22.93135999,23.19486243,23.65371092,23.96963691,24.07289812,24.30318113,24.18699382,24.04814628,23.97610841,23.98732976,24.01690882,24.65676233,24.9178926,24.78512774,24.86437677,24.39213925,24.10628156,23.70332255
946,654.197,23.49977697,23.02184512,22.72030887,22.53767443,22.8408793,22.8545293,23.00134506,23.23056508,23.65151516,23.95640712,24.09289675,24.18836146,24.13518531,24.01445314,23.97545715,24.01395811,24.07017735,24.69123896,24.93973254,24.79766703,24.81376219,24.45264243,24.06434392,23.72529949
1792,1728.74,23.49339577,23.04355418,22.72612389,22.55457673,22.87641619,22.85798715,23.03556487,23.21350055,23.66236354,23.90878154,24.07452519,24.19177806,24.10294706,24.07513034,23.99980854,23.98133783,24.12289892,24.66875951,24.91991875,24.8262059,24.8400356,24.44027329,23.99687872,23.72525253
